﻿Column,Row,State,State Abbr,Number of Records
10,10,Hawaii,HI,1
40,10,Texas,TX,1
90,10,Florida,FL,1
40,20,Oklahoma,OK,1
50,20,Louisiana,LA,1
60,20,Mississippi,MS,1
70,20,Alabama,AL,1
80,20,Georgia,GA,1
20,30,Arizona,AZ,1
30,30,New Mexico,NM,1
40,30,Kansas,KS,1
52,30,Arkansas,AR,1
62,30,Tennessee,TN,1
72,30,North Carolina,NC,1
80,30,South Carolina,SC,1
90,30,District of Columbia,DC,1
10,40,California,CA,1
18,40,Utah,UT,1
28,40,Colorado,CO,1
38,40,Nebraska,NE,1
50,40,Missouri,MO,1
60,40,Kentucky,KY,1
70,40,West Virginia,WV,1
80,40,Virginia,VA,1
90,40,Maryland,MD,1
100,40,Delaware,DE,1
10,50,Oregon,OR,1
20,50,Nevada,NV,1
30,50,Wyoming,WY,1
40,50,South Dakota,SD,1
51,50,Iowa,IA,1
61,50,Indiana,IN,1
71,50,Ohio,OH,1
80,50,Pennsylvania,PA,1
90,50,New Jersey,NJ,1
100,50,Connecticut,CT,1
110,50,Rhode Island,RI,1
10,60,Washington,WA,1
18,60,Idaho,ID,1
28,60,Montana,MT,1
38,60,North Dakota,ND,1
52,60,Michigan,MI,1
52,60,Minnesota,MN,1
62,60,Illinois,IL,1
90,60,New York,NY,1
100,60,Massachusetts,MA,1
60,70,Wisconsin,WI,1
100,70,Vermont,VT,1
110,70,New Hampshire,NH,1
10,80,Alaska,AK,1
110,80,Maine,ME,1
