﻿Australia,City,Date,Dest/Orig,Items,Number of Records,Transit days,Trip ID,Weight (kg)
Australia,CANBERRA,1/22/2015,Destination,1,1,2,1,98
Australia,MELBOURNE,1/22/2015,Source,1,1,2,1,98
Australia,ADELAIDE,1/23/2015,Destination,1,1,2,2,250
Australia,KALGOORLIE,1/23/2015,Destination,2,1,2,7,1270
Australia,PERTH,1/23/2015,Destination,1,1,2,3,103
Australia,PERTH,1/23/2015,Destination,1,1,2,4,130
Australia,PERTH,1/23/2015,Destination,1,1,2,5,200
Australia,PERTH,1/23/2015,Destination,3,1,2,6,480
Australia,MELBOURNE,1/23/2015,Source,1,1,2,3,103
Australia,MELBOURNE,1/23/2015,Source,1,1,2,4,130
Australia,MELBOURNE,1/23/2015,Source,1,1,2,5,200
Australia,MELBOURNE,1/23/2015,Source,3,1,2,6,480
Australia,PERTH,1/23/2015,Source,2,1,2,7,1270
Australia,SYDNEY,1/23/2015,Source,1,1,2,2,250
Australia,DARWIN,1/24/2015,Destination,1,1,2,8,386
Australia,KALGOORLIE,1/24/2015,Destination,1,1,2,9,600
Australia,MELBOURNE,1/24/2015,Source,1,1,2,8,386
Australia,PERTH,1/24/2015,Source,1,1,2,9,600
Australia,ORANGE,1/25/2015,Destination,1,1,2,10,500
Australia,SYDNEY,1/25/2015,Source,1,1,2,10,500
Australia,PERTH,1/26/2015,Destination,1,1,2,11,89
Australia,MELBOURNE,1/26/2015,Source,1,1,2,11,89
Australia,DARWIN,1/29/2015,Destination,1,1,2,14,80
Australia,PERTH,1/29/2015,Destination,1,1,2,12,75
Australia,PERTH,1/29/2015,Destination,1,1,2,13,150
Australia,NEWCASTLE,1/29/2015,Source,1,1,2,12,75
Australia,PERTH,1/29/2015,Source,1,1,2,14,80
Australia,SYDNEY,1/29/2015,Source,1,1,2,13,150
Australia,KALGOORLIE,1/31/2015,Destination,1,1,2,16,235
Australia,WOLLONGONG,1/31/2015,Destination,1,1,2,15,446
Australia,PERTH,1/31/2015,Source,1,1,2,16,235
Australia,SYDNEY,1/31/2015,Source,1,1,2,15,446
Australia,DARWIN,2/1/2015,Destination,1,1,2,17,174
Australia,DARWIN,2/1/2015,Destination,1,1,2,18,256
Australia,MELBOURNE,2/1/2015,Source,1,1,2,17,174
Australia,MELBOURNE,2/1/2015,Source,1,1,2,18,256
Australia,Dubbo,2/2/2015,Destination,1,1,2,19,220
Australia,SYDNEY,2/2/2015,Source,1,1,2,19,220
Australia,DARWIN,2/5/2015,Destination,1,1,2,20,440
Australia,DARWIN,2/5/2015,Destination,1,1,2,21,490
Australia,PERTH,2/5/2015,Destination,6,1,2,22,900
Australia,MELBOURNE,2/5/2015,Source,1,1,2,20,440
Australia,MELBOURNE,2/5/2015,Source,1,1,2,21,490
Australia,MELBOURNE,2/5/2015,Source,6,1,2,22,900
Australia,BRISBANE,2/6/2015,Destination,1,1,2,23,370
Australia,PERTH,2/6/2015,Destination,1,1,2,25,115
Australia,SYDNEY,2/6/2015,Destination,1,1,2,24,1048
Australia,MELBOURNE,2/6/2015,Source,1,1,2,24,1048
Australia,MELBOURNE,2/6/2015,Source,1,1,2,25,115
Australia,SYDNEY,2/6/2015,Source,1,1,2,23,370
Australia,KALGOORLIE,2/7/2015,Destination,1,1,2,27,340
Australia,KALGOORLIE,2/7/2015,Destination,2,1,2,28,1386
Australia,PERTH,2/7/2015,Destination,1,1,2,26,78
Australia,NEWCASTLE,2/7/2015,Source,1,1,2,26,78
Australia,PERTH,2/7/2015,Source,1,1,2,27,340
Australia,PERTH,2/7/2015,Source,2,1,2,28,1386
Australia,BRISBANE,2/8/2015,Destination,2,1,2,29,790
Australia,KALGOORLIE,2/8/2015,Destination,1,1,2,30,270
Australia,PERTH,2/8/2015,Source,1,1,2,30,270
Australia,SYDNEY,2/8/2015,Source,2,1,2,29,790
Australia,DARWIN,2/13/2015,Destination,1,1,2,31,298
Australia,PERTH,2/13/2015,Source,1,1,2,31,298
Australia,DARWIN,2/14/2015,Destination,2,1,2,32,1203
Australia,KALGOORLIE,2/14/2015,Destination,1,1,2,34,925
Australia,KALGOORLIE,2/14/2015,Destination,1,1,2,35,70
Australia,PERTH,2/14/2015,Destination,1,1,2,33,77
Australia,MELBOURNE,2/14/2015,Source,2,1,2,32,1203
Australia,MELBOURNE,2/14/2015,Source,1,1,2,33,77
Australia,PERTH,2/14/2015,Source,1,1,2,34,925
Australia,PERTH,2/14/2015,Source,1,1,2,35,70
Australia,DARWIN,2/15/2015,Destination,1,1,2,36,546
Australia,MELBOURNE,2/15/2015,Source,1,1,2,36,546
Australia,DARWIN,2/16/2015,Destination,1,1,2,37,853
Australia,KALGOORLIE,2/16/2015,Destination,1,1,2,38,620
Australia,KALGOORLIE,2/16/2015,Destination,1,1,2,39,330
Australia,MELBOURNE,2/16/2015,Source,1,1,2,37,853
Australia,PERTH,2/16/2015,Source,1,1,2,38,620
Australia,PERTH,2/16/2015,Source,1,1,2,39,330
Australia,KALGOORLIE,2/19/2015,Destination,1,1,2,40,685
Australia,PERTH,2/19/2015,Source,1,1,2,40,685
Australia,DARWIN,2/20/2015,Destination,1,1,2,41,603
Australia,KALGOORLIE,2/20/2015,Destination,1,1,2,45,390
Australia,PERTH,2/20/2015,Destination,1,1,2,42,121
Australia,PERTH,2/20/2015,Destination,1,1,2,43,123
Australia,PERTH,2/20/2015,Destination,2,1,2,44,204
Australia,MELBOURNE,2/20/2015,Source,1,1,2,41,603
Australia,MELBOURNE,2/20/2015,Source,1,1,2,42,121
Australia,MELBOURNE,2/20/2015,Source,1,1,2,43,123
Australia,MELBOURNE,2/20/2015,Source,2,1,2,44,204
Australia,PERTH,2/20/2015,Source,1,1,2,45,390
Australia,PERTH,2/21/2015,Destination,0,1,2,46,96
Australia,MELBOURNE,2/21/2015,Source,0,1,2,46,96
Australia,KALGOORLIE,2/22/2015,Destination,1,1,2,49,730
Australia,KALGOORLIE,2/22/2015,Destination,1,1,2,50,220
Australia,KALGOORLIE,2/22/2015,Destination,2,1,2,51,2090
Australia,MELBOURNE,2/22/2015,Destination,2,1,2,47,540
Australia,PERTH,2/22/2015,Destination,1,1,2,48,620
Australia,PERTH,2/22/2015,Source,1,1,2,49,730
Australia,PERTH,2/22/2015,Source,1,1,2,50,220
Australia,PERTH,2/22/2015,Source,2,1,2,51,2090
Australia,SYDNEY,2/22/2015,Source,2,1,2,47,540
Australia,SYDNEY,2/22/2015,Source,1,1,2,48,620
Australia,MELBOURNE,2/26/2015,Destination,1,1,2,52,120
Australia,SYDNEY,2/26/2015,Source,1,1,2,52,120
Australia,KALGOORLIE,2/27/2015,Destination,1,1,2,53,690
Australia,KALGOORLIE,2/27/2015,Destination,1,1,2,54,720
Australia,PERTH,2/27/2015,Source,1,1,2,53,690
Australia,PERTH,2/27/2015,Source,1,1,2,54,720
Australia,BRISBANE,2/28/2015,Destination,7,1,2,57,3030
Australia,CANBERRA,2/28/2015,Destination,1,1,2,55,400
Australia,KALGOORLIE,2/28/2015,Destination,1,1,2,58,60
Australia,KALGOORLIE,2/28/2015,Destination,1,1,2,59,150
Australia,NEWCASTLE,2/28/2015,Destination,1,1,2,56,400
Australia,PERTH,2/28/2015,Source,1,1,2,58,60
Australia,PERTH,2/28/2015,Source,1,1,2,59,150
Australia,SYDNEY,2/28/2015,Source,1,1,2,55,400
Australia,SYDNEY,2/28/2015,Source,1,1,2,56,400
Australia,SYDNEY,2/28/2015,Source,7,1,2,57,3030
Australia,PERTH,3/1/2015,Destination,3,1,2,60,570
Australia,PERTH,3/1/2015,Destination,1,1,2,61,149
Australia,MELBOURNE,3/1/2015,Source,1,1,2,61,149
Australia,NEWCASTLE,3/1/2015,Source,3,1,2,60,570
Australia,KALGOORLIE,3/2/2015,Destination,1,1,2,63,80
Australia,KALGOORLIE,3/2/2015,Destination,1,1,2,64,120
Australia,PERTH,3/2/2015,Destination,2,1,2,62,239
Australia,MELBOURNE,3/2/2015,Source,2,1,2,62,239
Australia,PERTH,3/2/2015,Source,1,1,2,63,80
Australia,PERTH,3/2/2015,Source,1,1,2,64,120
Australia,KALGOORLIE,3/5/2015,Destination,2,1,2,65,1330
Australia,PERTH,3/5/2015,Source,2,1,2,65,1330
Australia,MACKAY,3/7/2015,Destination,3,1,2,66,6300
Australia,PERTH,3/7/2015,Destination,3,1,2,67,1010
Australia,PERTH,3/7/2015,Destination,1,1,2,68,119
Australia,MELBOURNE,3/7/2015,Source,1,1,2,68,119
Australia,SYDNEY,3/7/2015,Source,3,1,2,66,6300
Australia,SYDNEY,3/7/2015,Source,3,1,2,67,1010
Australia,NEWCASTLE,3/8/2015,Destination,1,1,2,69,582
Australia,MELBOURNE,3/8/2015,Source,1,1,2,69,582
Australia,PERTH,3/9/2015,Destination,6,1,2,70,1290
Australia,SYDNEY,3/9/2015,Source,6,1,2,70,1290
Australia,BRISBANE,3/12/2015,Destination,5,1,2,71,1050
Australia,SYDNEY,3/12/2015,Source,5,1,2,71,1050
Australia,Dubbo,3/13/2015,Destination,1,1,2,72,140
Australia,KALGOORLIE,3/13/2015,Destination,1,1,2,75,110
Australia,KALGOORLIE,3/13/2015,Destination,1,1,2,76,155
Australia,PERTH,3/13/2015,Destination,1,1,2,74,115
Australia,TOWNSVILLE,3/13/2015,Destination,1,1,2,73,270
Australia,MELBOURNE,3/13/2015,Source,1,1,2,74,115
Australia,PERTH,3/13/2015,Source,1,1,2,75,110
Australia,PERTH,3/13/2015,Source,1,1,2,76,155
Australia,SYDNEY,3/13/2015,Source,1,1,2,72,140
Australia,SYDNEY,3/13/2015,Source,1,1,2,73,270
Australia,PERTH,3/15/2015,Destination,3,1,2,77,690
Australia,PERTH,3/15/2015,Destination,4,1,2,78,760
Australia,SYDNEY,3/15/2015,Source,3,1,2,77,690
Australia,SYDNEY,3/15/2015,Source,4,1,2,78,760
Australia,BRISBANE,3/16/2015,Destination,1,1,2,79,160
Australia,KALGOORLIE,3/16/2015,Destination,1,1,2,80,720
Australia,PERTH,3/16/2015,Source,1,1,2,80,720
Australia,SYDNEY,3/16/2015,Source,1,1,2,79,160
Australia,BRISBANE,3/19/2015,Destination,7,1,2,81,3120
Australia,KALGOORLIE,3/19/2015,Destination,1,1,2,82,710
Australia,PERTH,3/19/2015,Source,1,1,2,82,710
Australia,SYDNEY,3/19/2015,Source,7,1,2,81,3120
Australia,DARWIN,3/20/2015,Destination,5,1,2,84,2088
Australia,KALGOORLIE,3/20/2015,Destination,1,1,2,86,480
Australia,PERTH,3/20/2015,Destination,11,1,2,83,2300
Australia,PERTH,3/20/2015,Destination,1,1,2,85,91
Australia,MELBOURNE,3/20/2015,Source,5,1,2,84,2088
Australia,MELBOURNE,3/20/2015,Source,1,1,2,85,91
Australia,PERTH,3/20/2015,Source,1,1,2,86,480
Australia,SYDNEY,3/20/2015,Source,11,1,2,83,2300
Australia,KALGOORLIE,3/21/2015,Destination,1,1,2,88,1883
Australia,PERTH,3/21/2015,Destination,1,1,2,87,750
Australia,PERTH,3/21/2015,Source,1,1,2,88,1883
Australia,SYDNEY,3/21/2015,Source,1,1,2,87,750
Australia,ORANGE,3/22/2015,Destination,1,1,2,89,500
Australia,SYDNEY,3/22/2015,Source,1,1,2,89,500
Australia,DARWIN,3/23/2015,Destination,0,1,2,91,380
Australia,PERTH,3/23/2015,Destination,6,1,2,90,1260
Australia,BRISBANE,3/23/2015,Source,0,1,2,91,380
Australia,SYDNEY,3/23/2015,Source,6,1,2,90,1260
Australia,PERTH,3/26/2015,Destination,1,1,2,92,480
Australia,SYDNEY,3/26/2015,Source,1,1,2,92,480
Australia,KALGOORLIE,3/27/2015,Destination,1,1,2,94,695
Australia,KALGOORLIE,3/27/2015,Destination,2,1,2,95,1300
Australia,PERTH,3/27/2015,Destination,1,1,2,93,480
Australia,PERTH,3/27/2015,Source,1,1,2,94,695
Australia,PERTH,3/27/2015,Source,2,1,2,95,1300
Australia,SYDNEY,3/27/2015,Source,1,1,2,93,480
Australia,PERTH,3/28/2015,Destination,6,1,2,96,1280
Australia,SYDNEY,3/28/2015,Source,6,1,2,96,1280
Australia,KALGOORLIE,3/29/2015,Destination,1,1,2,99,800
Australia,MELBOURNE,3/29/2015,Destination,12,1,2,97,7600
Australia,PERTH,3/29/2015,Destination,1,1,2,98,120
Australia,NEWCASTLE,3/29/2015,Source,1,1,2,98,120
Australia,PERTH,3/29/2015,Source,1,1,2,99,800
Australia,SYDNEY,3/29/2015,Source,12,1,2,97,7600
Australia,KALGOORLIE,3/30/2015,Destination,1,1,2,100,690
Australia,PERTH,3/30/2015,Source,1,1,2,100,690
Australia,PERTH,4/2/2015,Destination,1,1,2,101,177
Australia,MELBOURNE,4/2/2015,Source,1,1,2,101,177
Australia,KALGOORLIE,4/3/2015,Destination,1,1,2,103,80
Australia,MELBOURNE,4/3/2015,Destination,1,1,2,102,881
Australia,PERTH,4/3/2015,Source,1,1,2,103,80
Australia,SYDNEY,4/3/2015,Source,1,1,2,102,881
Australia,KALGOORLIE,4/5/2015,Destination,2,1,2,104,1060
Australia,PERTH,4/5/2015,Source,2,1,2,104,1060
Australia,KALGOORLIE,4/6/2015,Destination,1,1,2,105,90
Australia,PERTH,4/6/2015,Source,1,1,2,105,90
Australia,DARWIN,4/24/2015,Destination,1,1,2,107,122
Australia,KALGOORLIE,4/24/2015,Destination,1,1,2,108,120
Australia,KALGOORLIE,4/24/2015,Destination,1,1,2,109,180
Australia,PERTH,4/24/2015,Destination,3,1,2,106,480
Australia,MELBOURNE,4/24/2015,Source,1,1,2,107,122
Australia,NEWCASTLE,4/24/2015,Source,3,1,2,106,480
Australia,PERTH,4/24/2015,Source,1,1,2,108,120
Australia,PERTH,4/24/2015,Source,1,1,2,109,180
Australia,BRISBANE,4/25/2015,Destination,1,1,2,110,190
Australia,KALGOORLIE,4/25/2015,Destination,1,1,2,112,780
Australia,KALGOORLIE,4/25/2015,Destination,2,1,2,113,1160
Australia,MELBOURNE,4/25/2015,Destination,1,1,2,111,600
Australia,PERTH,4/25/2015,Source,1,1,2,112,780
Australia,PERTH,4/25/2015,Source,2,1,2,113,1160
Australia,SYDNEY,4/25/2015,Source,1,1,2,110,190
Australia,SYDNEY,4/25/2015,Source,1,1,2,111,600
Australia,DARWIN,4/26/2015,Destination,1,1,2,115,240
Australia,PERTH,4/26/2015,Destination,1,1,2,114,116
Australia,MELBOURNE,4/26/2015,Source,1,1,2,114,116
Australia,PERTH,4/26/2015,Source,1,1,2,115,240
Australia,PERTH,5/2/2015,Destination,7,1,2,116,1720
Australia,SYDNEY,5/2/2015,Source,7,1,2,116,1720
Australia,ALICE SPRINGS,5/4/2015,Destination,1,1,2,119,170
Australia,Dubbo,5/4/2015,Destination,1,1,2,117,200
Australia,KALGOORLIE,5/4/2015,Destination,1,1,2,120,690
Australia,PERTH,5/4/2015,Destination,1,1,2,118,780
Australia,PERTH,5/4/2015,Source,1,1,2,119,170
Australia,PERTH,5/4/2015,Source,1,1,2,120,690
Australia,SYDNEY,5/4/2015,Source,1,1,2,117,200
Australia,SYDNEY,5/4/2015,Source,1,1,2,118,780
Australia,KALGOORLIE,5/7/2015,Destination,2,1,2,123,1160
Australia,MELBOURNE,5/7/2015,Destination,1,1,2,122,230
Australia,ORANGE,5/7/2015,Destination,1,1,2,121,290
Australia,PERTH,5/7/2015,Source,2,1,2,123,1160
Australia,SYDNEY,5/7/2015,Source,1,1,2,121,290
Australia,SYDNEY,5/7/2015,Source,1,1,2,122,230
Australia,BRISBANE,5/9/2015,Destination,1,1,2,124,130
Australia,KALGOORLIE,5/9/2015,Destination,1,1,2,125,110
Australia,KALGOORLIE,5/9/2015,Destination,1,1,2,126,300
Australia,PERTH,5/9/2015,Source,1,1,2,125,110
Australia,PERTH,5/9/2015,Source,1,1,2,126,300
Australia,SYDNEY,5/9/2015,Source,1,1,2,124,130
Australia,KALGOORLIE,5/11/2015,Destination,1,1,2,127,640
Australia,PERTH,5/11/2015,Source,1,1,2,127,640
Australia,KALGOORLIE,5/14/2015,Destination,1,1,2,128,560
Australia,PERTH,5/14/2015,Source,1,1,2,128,560
Australia,DARWIN,5/15/2015,Destination,1,1,2,129,475
Australia,PERTH,5/15/2015,Destination,2,1,2,130,124
Australia,MELBOURNE,5/15/2015,Source,1,1,2,129,475
Australia,MELBOURNE,5/15/2015,Source,2,1,2,130,124
Australia,KALGOORLIE,5/16/2015,Destination,1,1,2,132,100
Australia,KALGOORLIE,5/16/2015,Destination,2,1,2,133,840
Australia,PERTH,5/16/2015,Destination,1,1,2,131,91
Australia,MELBOURNE,5/16/2015,Source,1,1,2,131,91
Australia,PERTH,5/16/2015,Source,1,1,2,132,100
Australia,PERTH,5/16/2015,Source,2,1,2,133,840
Australia,MELBOURNE,5/17/2015,Destination,3,1,2,135,1548
Australia,PERTH,5/17/2015,Destination,3,1,2,134,195
Australia,MELBOURNE,5/17/2015,Source,3,1,2,134,195
Australia,PERTH,5/17/2015,Source,3,1,2,135,1548
Australia,KALGOORLIE,5/18/2015,Destination,1,1,2,137,730
Australia,PERTH,5/18/2015,Destination,11,1,2,136,2330
Australia,PERTH,5/18/2015,Source,1,1,2,137,730
Australia,SYDNEY,5/18/2015,Source,11,1,2,136,2330
Australia,KALGOORLIE,5/22/2015,Destination,1,1,2,139,185
Australia,PERTH,5/22/2015,Destination,1,1,2,138,91
Australia,MELBOURNE,5/22/2015,Source,1,1,2,138,91
Australia,PERTH,5/22/2015,Source,1,1,2,139,185
Australia,DARWIN,5/23/2015,Destination,1,1,2,140,220
Australia,KALGOORLIE,5/23/2015,Destination,1,1,2,141,245
Australia,PERTH,5/23/2015,Source,1,1,2,140,220
Australia,PERTH,5/23/2015,Source,1,1,2,141,245
Australia,ADELAIDE,5/24/2015,Destination,1,1,2,142,1120
Australia,SYDNEY,5/24/2015,Source,1,1,2,142,1120
Australia,CANBERRA,5/25/2015,Destination,1,1,2,143,310
Australia,DARWIN,5/25/2015,Destination,1,1,2,148,740
Australia,PERTH,5/25/2015,Destination,1,1,2,144,137
Australia,PERTH,5/25/2015,Destination,1,1,2,145,238
Australia,PERTH,5/25/2015,Destination,1,1,2,146,153
Australia,PERTH,5/25/2015,Destination,2,1,2,147,188
Australia,MELBOURNE,5/25/2015,Source,1,1,2,144,137
Australia,MELBOURNE,5/25/2015,Source,1,1,2,145,238
Australia,MELBOURNE,5/25/2015,Source,1,1,2,146,153
Australia,MELBOURNE,5/25/2015,Source,2,1,2,147,188
Australia,PERTH,5/25/2015,Source,1,1,2,148,740
Australia,SYDNEY,5/25/2015,Source,1,1,2,143,310
Australia,KALGOORLIE,5/28/2015,Destination,1,1,2,149,440
Australia,PERTH,5/28/2015,Source,1,1,2,149,440
Australia,DARWIN,5/30/2015,Destination,1,1,2,150,110
Australia,PERTH,5/30/2015,Source,1,1,2,150,110
Australia,KALGOORLIE,5/31/2015,Destination,1,1,2,151,45
Australia,KALGOORLIE,5/31/2015,Destination,1,1,2,152,708
Australia,PERTH,5/31/2015,Source,1,1,2,151,45
Australia,PERTH,5/31/2015,Source,1,1,2,152,708
Australia,KALGOORLIE,6/1/2015,Destination,3,1,2,153,1830
Australia,PERTH,6/1/2015,Source,3,1,2,153,1830
Australia,DARWIN,6/4/2015,Destination,1,1,2,154,720
Australia,KALGOORLIE,6/4/2015,Destination,2,1,2,155,1130
Australia,KALGOORLIE,6/4/2015,Destination,2,1,2,156,1766
Australia,PERTH,6/4/2015,Source,1,1,2,154,720
Australia,PERTH,6/4/2015,Source,2,1,2,155,1130
Australia,PERTH,6/4/2015,Source,2,1,2,156,1766
Australia,DARWIN,6/5/2015,Destination,1,1,2,158,115
Australia,MELBOURNE,6/5/2015,Destination,1,1,2,157,730
Australia,PERTH,6/5/2015,Source,1,1,2,158,115
Australia,SYDNEY,6/5/2015,Source,1,1,2,157,730
Australia,ADELAIDE,6/6/2015,Destination,1,1,2,159,460
Australia,DARWIN,6/6/2015,Destination,1,1,2,160,447
Australia,MELBOURNE,6/6/2015,Source,1,1,2,160,447
Australia,SYDNEY,6/6/2015,Source,1,1,2,159,460
Australia,DARWIN,6/7/2015,Destination,1,1,2,161,137
Australia,MELBOURNE,6/7/2015,Source,1,1,2,161,137
Australia,KALGOORLIE,6/11/2015,Destination,1,1,2,163,740
Australia,PERTH,6/11/2015,Destination,1,1,2,162,250
Australia,MELBOURNE,6/11/2015,Source,1,1,2,162,250
Australia,PERTH,6/11/2015,Source,1,1,2,163,740
Australia,DARWIN,6/12/2015,Destination,1,1,2,164,860
Australia,KALGOORLIE,6/12/2015,Destination,1,1,2,165,120
Australia,KALGOORLIE,6/12/2015,Destination,1,1,2,166,170
Australia,PERTH,6/12/2015,Source,1,1,2,164,860
Australia,PERTH,6/12/2015,Source,1,1,2,165,120
Australia,PERTH,6/12/2015,Source,1,1,2,166,170
Australia,KALGOORLIE,6/13/2015,Destination,1,1,2,168,520
Australia,KALGOORLIE,6/13/2015,Destination,1,1,2,169,708
Australia,PERTH,6/13/2015,Destination,1,1,2,167,620
Australia,PERTH,6/13/2015,Source,1,1,2,168,520
Australia,PERTH,6/13/2015,Source,1,1,2,169,708
Australia,SYDNEY,6/13/2015,Source,1,1,2,167,620
Australia,PERTH,6/14/2015,Destination,13,1,2,170,2940
Australia,PERTH,6/14/2015,Destination,1,1,2,171,103
Australia,PERTH,6/14/2015,Destination,1,1,2,172,370
Australia,MELBOURNE,6/14/2015,Source,1,1,2,171,103
Australia,MELBOURNE,6/14/2015,Source,1,1,2,172,370
Australia,SYDNEY,6/14/2015,Source,13,1,2,170,2940
Australia,BRISBANE,6/15/2015,Destination,1,1,2,174,260
Australia,BRISBANE,6/15/2015,Destination,5,1,2,175,1600
Australia,KALGOORLIE,6/15/2015,Destination,1,1,2,177,380
Australia,KALGOORLIE,6/15/2015,Destination,2,1,2,178,1060
Australia,ORANGE,6/15/2015,Destination,1,1,2,173,416
Australia,PERTH,6/15/2015,Destination,1,1,2,176,95
Australia,MELBOURNE,6/15/2015,Source,1,1,2,176,95
Australia,PERTH,6/15/2015,Source,1,1,2,177,380
Australia,PERTH,6/15/2015,Source,2,1,2,178,1060
Australia,SYDNEY,6/15/2015,Source,1,1,2,173,416
Australia,SYDNEY,6/15/2015,Source,1,1,2,174,260
Australia,SYDNEY,6/15/2015,Source,5,1,2,175,1600
Australia,CANBERRA,6/18/2015,Destination,1,1,2,179,93
Australia,MELBOURNE,6/18/2015,Source,1,1,2,179,93
Australia,NEWCASTLE,6/19/2015,Destination,1,1,2,180,245
Australia,SYDNEY,6/19/2015,Source,1,1,2,180,245
Australia,DARWIN,6/20/2015,Destination,1,1,2,181,511
Australia,MELBOURNE,6/20/2015,Source,1,1,2,181,511
Australia,DARWIN,6/21/2015,Destination,1,1,2,182,530
Australia,KALGOORLIE,6/21/2015,Destination,1,1,2,184,317
Australia,PERTH,6/21/2015,Destination,1,1,2,183,148
Australia,MELBOURNE,6/21/2015,Source,1,1,2,182,530
Australia,MELBOURNE,6/21/2015,Source,1,1,2,183,148
Australia,PERTH,6/21/2015,Source,1,1,2,184,317
Australia,BRISBANE,6/22/2015,Destination,1,1,2,185,265
Australia,SYDNEY,6/22/2015,Source,1,1,2,185,265
Australia,BRISBANE,6/25/2015,Destination,1,1,2,186,110
Australia,NEWCASTLE,6/25/2015,Source,1,1,2,186,110
Australia,PERTH,6/26/2015,Destination,1,1,2,187,50
Australia,PERTH,6/26/2015,Destination,16,1,2,188,208
Australia,ADELAIDE,6/26/2015,Source,16,1,2,188,208
Australia,SYDNEY,6/26/2015,Source,1,1,2,187,50
Australia,DARWIN,6/28/2015,Destination,1,1,2,189,130
Australia,DARWIN,6/28/2015,Destination,1,1,2,190,365
Australia,KALGOORLIE,6/28/2015,Destination,2,1,2,192,1058
Australia,PERTH,6/28/2015,Destination,1,1,2,191,173
Australia,MELBOURNE,6/28/2015,Source,1,1,2,189,130
Australia,MELBOURNE,6/28/2015,Source,1,1,2,190,365
Australia,MELBOURNE,6/28/2015,Source,1,1,2,191,173
Australia,PERTH,6/28/2015,Source,2,1,2,192,1058
Australia,BRISBANE,7/2/2015,Destination,9,1,2,194,3150
Australia,NEWCASTLE,7/2/2015,Destination,1,1,2,193,230
Australia,SYDNEY,7/2/2015,Source,1,1,2,193,230
Australia,SYDNEY,7/2/2015,Source,9,1,2,194,3150
Australia,DARWIN,7/3/2015,Destination,1,1,2,195,887
Australia,PERTH,7/3/2015,Destination,1,1,2,196,265
Australia,MELBOURNE,7/3/2015,Source,1,1,2,195,887
Australia,MELBOURNE,7/3/2015,Source,1,1,2,196,265
Australia,KALGOORLIE,7/4/2015,Destination,1,1,2,197,80
Australia,KALGOORLIE,7/4/2015,Destination,1,1,2,198,180
Australia,PERTH,7/4/2015,Source,1,1,2,197,80
Australia,PERTH,7/4/2015,Source,1,1,2,198,180
Australia,KALGOORLIE,7/5/2015,Destination,1,1,2,201,740
Australia,KALGOORLIE,7/5/2015,Destination,1,1,2,202,800
Australia,KALGOORLIE,7/5/2015,Destination,2,1,2,203,1160
Australia,KALGOORLIE,7/5/2015,Destination,2,1,2,204,690
Australia,PERTH,7/5/2015,Destination,1,1,2,199,80
Australia,PERTH,7/5/2015,Destination,1,1,2,200,80
Australia,PERTH,7/5/2015,Source,1,1,2,201,740
Australia,PERTH,7/5/2015,Source,1,1,2,202,800
Australia,PERTH,7/5/2015,Source,2,1,2,203,1160
Australia,PERTH,7/5/2015,Source,2,1,2,204,690
Australia,SYDNEY,7/5/2015,Source,1,1,2,199,80
Australia,SYDNEY,7/5/2015,Source,1,1,2,200,80
Australia,BRISBANE,7/6/2015,Destination,3,1,2,205,1100
Australia,KALGOORLIE,7/6/2015,Destination,1,1,2,206,520
Australia,KALGOORLIE,7/6/2015,Destination,1,1,2,207,230
Australia,KALGOORLIE,7/6/2015,Destination,1,1,2,208,70
Australia,PERTH,7/6/2015,Source,1,1,2,206,520
Australia,PERTH,7/6/2015,Source,1,1,2,207,230
Australia,PERTH,7/6/2015,Source,1,1,2,208,70
Australia,SYDNEY,7/6/2015,Source,3,1,2,205,1100
Australia,BRISBANE,7/9/2015,Destination,4,1,2,209,1760
Australia,MELBOURNE,7/9/2015,Destination,1,1,2,210,370
Australia,PERTH,7/9/2015,Destination,1,1,2,211,250
Australia,SYDNEY,7/9/2015,Source,4,1,2,209,1760
Australia,SYDNEY,7/9/2015,Source,1,1,2,210,370
Australia,SYDNEY,7/9/2015,Source,1,1,2,211,250
Australia,Dubbo,7/10/2015,Destination,1,1,2,212,360
Australia,KALGOORLIE,7/10/2015,Destination,1,1,2,213,690
Australia,KALGOORLIE,7/10/2015,Destination,2,1,2,214,625
Australia,PERTH,7/10/2015,Source,1,1,2,213,690
Australia,PERTH,7/10/2015,Source,2,1,2,214,625
Australia,SYDNEY,7/10/2015,Source,1,1,2,212,360
Australia,DARWIN,7/11/2015,Destination,1,1,2,216,78
Australia,DARWIN,7/11/2015,Destination,1,1,2,217,75
Australia,KALGOORLIE,7/11/2015,Destination,1,1,2,218,430
Australia,KALGOORLIE,7/11/2015,Destination,1,1,2,219,433
Australia,KALGOORLIE,7/11/2015,Destination,1,1,2,220,691
Australia,MACKAY,7/11/2015,Destination,3,1,2,215,5700
Australia,MELBOURNE,7/11/2015,Source,1,1,2,216,78
Australia,PERTH,7/11/2015,Source,1,1,2,217,75
Australia,PERTH,7/11/2015,Source,1,1,2,218,430
Australia,PERTH,7/11/2015,Source,1,1,2,219,433
Australia,PERTH,7/11/2015,Source,1,1,2,220,691
Australia,SYDNEY,7/11/2015,Source,3,1,2,215,5700
Australia,ALBURY,7/12/2015,Destination,1,1,2,221,50
Australia,SYDNEY,7/12/2015,Source,1,1,2,221,50
Australia,BRISBANE,7/16/2015,Destination,5,1,2,222,1900
Australia,KALGOORLIE,7/16/2015,Destination,9,1,2,224,6660
Australia,PERTH,7/16/2015,Destination,1,1,2,223,72
Australia,NEWCASTLE,7/16/2015,Source,1,1,2,223,72
Australia,PERTH,7/16/2015,Source,9,1,2,224,6660
Australia,SYDNEY,7/16/2015,Source,5,1,2,222,1900
Australia,DARWIN,7/17/2015,Destination,2,1,2,225,1042
Australia,KALGOORLIE,7/17/2015,Destination,1,1,2,226,620
Australia,KALGOORLIE,7/17/2015,Destination,1,1,2,227,900
Australia,MELBOURNE,7/17/2015,Source,2,1,2,225,1042
Australia,PERTH,7/17/2015,Source,1,1,2,226,620
Australia,PERTH,7/17/2015,Source,1,1,2,227,900
Australia,KALGOORLIE,7/18/2015,Destination,1,1,2,229,740
Australia,PERTH,7/18/2015,Destination,11,1,2,228,2440
Australia,PERTH,7/18/2015,Source,1,1,2,229,740
Australia,SYDNEY,7/18/2015,Source,11,1,2,228,2440
Australia,KALGOORLIE,7/19/2015,Destination,3,1,2,231,1391
Australia,PERTH,7/19/2015,Destination,1,1,2,230,123
Australia,MELBOURNE,7/19/2015,Source,1,1,2,230,123
Australia,PERTH,7/19/2015,Source,3,1,2,231,1391
Australia,ORANGE,7/24/2015,Destination,1,1,2,232,420
Australia,SYDNEY,7/24/2015,Source,1,1,2,232,420
Australia,KALGOORLIE,7/25/2015,Destination,2,1,2,234,1350
Australia,PERTH,7/25/2015,Destination,2,1,2,233,47
Australia,MELBOURNE,7/25/2015,Source,2,1,2,233,47
Australia,PERTH,7/25/2015,Source,2,1,2,234,1350
Australia,KALGOORLIE,7/27/2015,Destination,2,1,2,235,870
Australia,PERTH,7/27/2015,Source,2,1,2,235,870
Australia,KALGOORLIE,8/6/2015,Destination,2,1,2,236,1460
Australia,PERTH,8/6/2015,Source,2,1,2,236,1460
Australia,PERTH,8/7/2015,Destination,5,1,2,237,95
Australia,SYDNEY,8/7/2015,Source,5,1,2,237,95
Australia,DARWIN,8/9/2015,Destination,1,1,2,238,516
Australia,MELBOURNE,8/9/2015,Source,1,1,2,238,516
Australia,ALICE SPRINGS,8/14/2015,Destination,1,1,2,239,95
Australia,PERTH,8/14/2015,Source,1,1,2,239,95
Australia,DARWIN,8/15/2015,Destination,1,1,2,241,477
Australia,KALGOORLIE,8/15/2015,Destination,1,1,2,244,880
Australia,PERTH,8/15/2015,Destination,12,1,2,240,2740
Australia,PERTH,8/15/2015,Destination,1,1,2,242,104
Australia,PERTH,8/15/2015,Destination,1,1,2,243,293
Australia,MELBOURNE,8/15/2015,Source,1,1,2,241,477
Australia,MELBOURNE,8/15/2015,Source,1,1,2,242,104
Australia,MELBOURNE,8/15/2015,Source,1,1,2,243,293
Australia,PERTH,8/15/2015,Source,1,1,2,244,880
Australia,SYDNEY,8/15/2015,Source,12,1,2,240,2740
Australia,PERTH,8/17/2015,Destination,1,1,2,245,295
Australia,NEWCASTLE,8/17/2015,Source,1,1,2,245,295
Australia,PERTH,8/20/2015,Destination,10,1,2,246,2200
Australia,PERTH,8/20/2015,Destination,1,1,2,247,122
Australia,MELBOURNE,8/20/2015,Source,1,1,2,247,122
Australia,SYDNEY,8/20/2015,Source,10,1,2,246,2200
Australia,KALGOORLIE,8/21/2015,Destination,2,1,2,248,1230
Australia,PERTH,8/21/2015,Source,2,1,2,248,1230
Australia,KALGOORLIE,8/22/2015,Destination,1,1,2,249,650
Australia,KALGOORLIE,8/22/2015,Destination,1,1,2,250,790
Australia,PERTH,8/22/2015,Source,1,1,2,249,650
Australia,PERTH,8/22/2015,Source,1,1,2,250,790
Australia,DARWIN,8/24/2015,Destination,4,1,2,252,1801
Australia,DARWIN,8/24/2015,Destination,1,1,2,255,683
Australia,PERTH,8/24/2015,Destination,1,1,2,251,60
Australia,PERTH,8/24/2015,Destination,2,1,2,253,81
Australia,PERTH,8/24/2015,Destination,2,1,2,254,305
Australia,MELBOURNE,8/24/2015,Source,4,1,2,252,1801
Australia,MELBOURNE,8/24/2015,Source,2,1,2,253,81
Australia,MELBOURNE,8/24/2015,Source,2,1,2,254,305
Australia,NEWCASTLE,8/24/2015,Source,1,1,2,251,60
Australia,PERTH,8/24/2015,Source,1,1,2,255,683
Australia,BRISBANE,8/27/2015,Destination,1,1,2,256,420
Australia,PERTH,8/27/2015,Destination,1,1,2,258,121
Australia,PERTH,8/27/2015,Destination,1,1,2,259,145
Australia,SYDNEY,8/27/2015,Destination,1,1,2,257,128
Australia,MELBOURNE,8/27/2015,Source,1,1,2,257,128
Australia,MELBOURNE,8/27/2015,Source,1,1,2,258,121
Australia,MELBOURNE,8/27/2015,Source,1,1,2,259,145
Australia,SYDNEY,8/27/2015,Source,1,1,2,256,420
Australia,BRISBANE,8/28/2015,Destination,3,1,2,260,660
Australia,DARWIN,8/28/2015,Destination,1,1,2,262,25
Australia,KALGOORLIE,8/28/2015,Destination,1,1,2,263,275
Australia,KALGOORLIE,8/28/2015,Destination,1,1,2,264,190
Australia,PERTH,8/28/2015,Destination,1,1,2,261,405
Australia,MELBOURNE,8/28/2015,Source,1,1,2,261,405
Australia,PERTH,8/28/2015,Source,1,1,2,262,25
Australia,PERTH,8/28/2015,Source,1,1,2,263,275
Australia,PERTH,8/28/2015,Source,1,1,2,264,190
Australia,SYDNEY,8/28/2015,Source,3,1,2,260,660
Australia,PERTH,8/29/2015,Destination,1,1,2,265,640
Australia,PERTH,8/29/2015,Destination,1,1,2,266,127
Australia,PERTH,8/29/2015,Destination,1,1,2,267,246
Australia,MELBOURNE,8/29/2015,Source,1,1,2,266,127
Australia,MELBOURNE,8/29/2015,Source,1,1,2,267,246
Australia,SYDNEY,8/29/2015,Source,1,1,2,265,640
Australia,KALGOORLIE,8/30/2015,Destination,1,1,2,269,100
Australia,KALGOORLIE,8/30/2015,Destination,1,1,2,270,660
Australia,PERTH,8/30/2015,Destination,5,1,2,268,1100
Australia,PERTH,8/30/2015,Source,1,1,2,269,100
Australia,PERTH,8/30/2015,Source,1,1,2,270,660
Australia,SYDNEY,8/30/2015,Source,5,1,2,268,1100
Australia,KALGOORLIE,8/31/2015,Destination,1,1,2,271,441
Australia,NEWCASTLE,8/31/2015,Source,1,1,2,271,441
Australia,DARWIN,9/3/2015,Destination,1,1,2,272,129
Australia,MELBOURNE,9/3/2015,Source,1,1,2,272,129
Australia,BRISBANE,9/4/2015,Destination,1,1,2,273,1372
Australia,MELBOURNE,9/4/2015,Source,1,1,2,273,1372
Australia,KALGOORLIE,9/5/2015,Destination,1,1,2,276,120
Australia,KALGOORLIE,9/5/2015,Destination,1,1,2,277,131
Australia,PERTH,9/5/2015,Destination,4,1,2,274,80
Australia,SYDNEY,9/5/2015,Destination,1,1,2,275,481
Australia,PERTH,9/5/2015,Source,1,1,2,275,481
Australia,PERTH,9/5/2015,Source,1,1,2,276,120
Australia,PERTH,9/5/2015,Source,1,1,2,277,131
Australia,SYDNEY,9/5/2015,Source,4,1,2,274,80
Australia,KALGOORLIE,9/6/2015,Destination,1,1,2,279,290
Australia,KALGOORLIE,9/6/2015,Destination,1,1,2,280,279
Australia,PERTH,9/6/2015,Destination,1,1,2,278,1565
Australia,MELBOURNE,9/6/2015,Source,1,1,2,278,1565
Australia,PERTH,9/6/2015,Source,1,1,2,279,290
Australia,PERTH,9/6/2015,Source,1,1,2,280,279
Australia,KALGOORLIE,9/7/2015,Destination,1,1,2,282,730
Australia,PERTH,9/7/2015,Destination,5,1,2,281,1170
Australia,PERTH,9/7/2015,Source,1,1,2,282,730
Australia,SYDNEY,9/7/2015,Source,5,1,2,281,1170
Australia,PERTH,9/10/2015,Destination,1,1,2,283,120
Australia,MELBOURNE,9/10/2015,Source,1,1,2,283,120
Australia,MELBOURNE,9/11/2015,Destination,1,1,2,284,280
Australia,SYDNEY,9/11/2015,Source,1,1,2,284,280
Australia,PERTH,9/13/2015,Destination,4,1,2,285,880
Australia,SYDNEY,9/13/2015,Source,4,1,2,285,880
Australia,BRISBANE,9/17/2015,Destination,1,1,2,286,170
Australia,BRISBANE,9/17/2015,Destination,8,1,2,287,3690
Australia,PERTH,9/17/2015,Destination,1,1,2,288,105
Australia,MELBOURNE,9/17/2015,Source,1,1,2,288,105
Australia,SYDNEY,9/17/2015,Source,1,1,2,286,170
Australia,SYDNEY,9/17/2015,Source,8,1,2,287,3690
Australia,BRISBANE,9/19/2015,Destination,1,1,2,289,206
Australia,MELBOURNE,9/19/2015,Destination,1,1,2,290,156
Australia,PERTH,9/19/2015,Destination,4,1,2,291,940
Australia,SYDNEY,9/19/2015,Source,1,1,2,289,206
Australia,SYDNEY,9/19/2015,Source,1,1,2,290,156
Australia,SYDNEY,9/19/2015,Source,4,1,2,291,940
Australia,PERTH,9/20/2015,Destination,1,1,2,292,250
Australia,SYDNEY,9/20/2015,Destination,1,1,2,293,180
Australia,BRISBANE,9/20/2015,Source,1,1,2,293,180
Australia,NEWCASTLE,9/20/2015,Source,1,1,2,292,250
Australia,Dubbo,9/21/2015,Destination,1,1,2,294,310
Australia,KALGOORLIE,9/21/2015,Destination,2,1,2,295,1300
Australia,KALGOORLIE,9/21/2015,Destination,2,1,2,296,980
Australia,PERTH,9/21/2015,Source,2,1,2,295,1300
Australia,PERTH,9/21/2015,Source,2,1,2,296,980
Australia,SYDNEY,9/21/2015,Source,1,1,2,294,310
Australia,KALGOORLIE,9/24/2015,Destination,2,1,2,297,360
Australia,KALGOORLIE,9/24/2015,Destination,3,1,2,298,25
Australia,PERTH,9/24/2015,Source,2,1,2,297,360
Australia,PERTH,9/24/2015,Source,3,1,2,298,25
Australia,DARWIN,9/25/2015,Destination,1,1,2,299,523
Australia,KALGOORLIE,9/25/2015,Destination,1,1,2,300,100
Australia,MELBOURNE,9/25/2015,Source,1,1,2,299,523
Australia,PERTH,9/25/2015,Source,1,1,2,300,100
Australia,KALGOORLIE,9/26/2015,Destination,2,1,2,302,980
Australia,PERTH,9/26/2015,Destination,10,1,2,301,2200
Australia,PERTH,9/26/2015,Source,2,1,2,302,980
Australia,SYDNEY,9/26/2015,Source,10,1,2,301,2200
Australia,KALGOORLIE,9/27/2015,Destination,1,1,2,304,90
Australia,PERTH,9/27/2015,Destination,2,1,2,303,240
Australia,MELBOURNE,9/27/2015,Source,2,1,2,303,240
Australia,PERTH,9/27/2015,Source,1,1,2,304,90
Australia,KALGOORLIE,9/28/2015,Destination,1,1,2,308,670
Australia,KALGOORLIE,9/28/2015,Destination,1,1,2,309,70
Australia,KALGOORLIE,9/28/2015,Destination,2,1,2,310,950
Australia,MELBOURNE,9/28/2015,Destination,1,1,2,305,101
Australia,PERTH,9/28/2015,Destination,1,1,2,306,10
Australia,PERTH,9/28/2015,Destination,13,1,2,307,2820
Australia,NEWCASTLE,9/28/2015,Source,1,1,2,306,10
Australia,PERTH,9/28/2015,Source,1,1,2,308,670
Australia,PERTH,9/28/2015,Source,1,1,2,309,70
Australia,PERTH,9/28/2015,Source,2,1,2,310,950
Australia,SYDNEY,9/28/2015,Source,1,1,2,305,101
Australia,SYDNEY,9/28/2015,Source,13,1,2,307,2820
Australia,DARWIN,10/1/2015,Destination,1,1,2,311,252
Australia,PERTH,10/1/2015,Destination,1,1,2,312,131
Australia,MELBOURNE,10/1/2015,Source,1,1,2,311,252
Australia,MELBOURNE,10/1/2015,Source,1,1,2,312,131
Australia,ORANGE,10/2/2015,Destination,1,1,2,313,500
Australia,PERTH,10/2/2015,Destination,1,1,2,314,379
Australia,MELBOURNE,10/2/2015,Source,1,1,2,314,379
Australia,SYDNEY,10/2/2015,Source,1,1,2,313,500
Australia,DARWIN,10/3/2015,Destination,1,1,2,316,115
Australia,PERTH,10/3/2015,Destination,6,1,2,315,1390
Australia,PERTH,10/3/2015,Source,1,1,2,316,115
Australia,SYDNEY,10/3/2015,Source,6,1,2,315,1390
Australia,BRISBANE,10/4/2015,Destination,3,1,2,318,1530
Australia,KALGOORLIE,10/4/2015,Destination,1,1,2,321,570
Australia,KALGOORLIE,10/4/2015,Destination,2,1,2,322,1204
Australia,PERTH,10/4/2015,Destination,1,1,2,317,190
Australia,PERTH,10/4/2015,Destination,1,1,2,319,122
Australia,PERTH,10/4/2015,Destination,2,1,2,320,960
Australia,MELBOURNE,10/4/2015,Source,3,1,2,318,1530
Australia,MELBOURNE,10/4/2015,Source,1,1,2,319,122
Australia,MELBOURNE,10/4/2015,Source,2,1,2,320,960
Australia,PERTH,10/4/2015,Source,1,1,2,321,570
Australia,PERTH,10/4/2015,Source,2,1,2,322,1204
Australia,SYDNEY,10/4/2015,Source,1,1,2,317,190
Australia,DARWIN,10/5/2015,Destination,1,1,2,324,550
Australia,KALGOORLIE,10/5/2015,Destination,1,1,2,325,65
Australia,PERTH,10/5/2015,Destination,1,1,2,323,408
Australia,MELBOURNE,10/5/2015,Source,1,1,2,323,408
Australia,PERTH,10/5/2015,Source,1,1,2,324,550
Australia,PERTH,10/5/2015,Source,1,1,2,325,65
Australia,KALGOORLIE,10/8/2015,Destination,1,1,2,326,60
Australia,PERTH,10/8/2015,Source,1,1,2,326,60
Australia,DARWIN,10/9/2015,Destination,2,1,2,329,16
Australia,PERTH,10/9/2015,Destination,4,1,2,330,1888
Australia,SYDNEY,10/9/2015,Destination,1,1,2,327,704
Australia,SYDNEY,10/9/2015,Destination,1,1,2,328,870
Australia,MELBOURNE,10/9/2015,Source,1,1,2,327,704
Australia,MELBOURNE,10/9/2015,Source,1,1,2,328,870
Australia,MELBOURNE,10/9/2015,Source,2,1,2,329,16
Australia,MELBOURNE,10/9/2015,Source,4,1,2,330,1888
Australia,DARWIN,10/10/2015,Destination,1,1,2,332,199
Australia,KALGOORLIE,10/10/2015,Destination,1,1,2,333,450
Australia,KALGOORLIE,10/10/2015,Destination,1,1,2,334,370
Australia,KALGOORLIE,10/10/2015,Destination,1,1,2,335,55
Australia,PERTH,10/10/2015,Destination,-4,1,2,331,-80
Australia,MELBOURNE,10/10/2015,Source,1,1,2,332,199
Australia,PERTH,10/10/2015,Source,1,1,2,333,450
Australia,PERTH,10/10/2015,Source,1,1,2,334,370
Australia,PERTH,10/10/2015,Source,1,1,2,335,55
Australia,SYDNEY,10/10/2015,Source,-4,1,2,331,-80
Australia,PERTH,10/11/2015,Destination,3,1,2,336,2130
Australia,SYDNEY,10/11/2015,Source,3,1,2,336,2130
Australia,DARWIN,10/12/2015,Destination,1,1,2,337,237
Australia,DARWIN,10/12/2015,Destination,1,1,2,338,198
Australia,PERTH,10/12/2015,Destination,1,1,2,339,137
Australia,MELBOURNE,10/12/2015,Source,1,1,2,337,237
Australia,MELBOURNE,10/12/2015,Source,1,1,2,338,198
Australia,MELBOURNE,10/12/2015,Source,1,1,2,339,137
Australia,KALGOORLIE,10/15/2015,Destination,1,1,2,343,400
Australia,KALGOORLIE,10/15/2015,Destination,1,1,2,344,460
Australia,PERTH,10/15/2015,Destination,1,1,2,341,121
Australia,PERTH,10/15/2015,Destination,1,1,2,342,159
Australia,SYDNEY,10/15/2015,Destination,3,1,2,340,4464
Australia,MELBOURNE,10/15/2015,Source,3,1,2,340,4464
Australia,MELBOURNE,10/15/2015,Source,1,1,2,341,121
Australia,MELBOURNE,10/15/2015,Source,1,1,2,342,159
Australia,PERTH,10/15/2015,Source,1,1,2,343,400
Australia,PERTH,10/15/2015,Source,1,1,2,344,460
Australia,PERTH,10/16/2015,Destination,1,1,2,345,500
Australia,SYDNEY,10/16/2015,Source,1,1,2,345,500
Australia,BRISBANE,10/17/2015,Destination,2,1,2,346,1680
Australia,KALGOORLIE,10/17/2015,Destination,1,1,2,347,65
Australia,KALGOORLIE,10/17/2015,Destination,1,1,2,349,85
Australia,KALGOORLIE,10/17/2015,Destination,1,1,2,350,110
Australia,PERTH,10/17/2015,Destination,1,1,2,348,379
Australia,MELBOURNE,10/17/2015,Source,1,1,2,347,65
Australia,MELBOURNE,10/17/2015,Source,1,1,2,348,379
Australia,PERTH,10/17/2015,Source,1,1,2,349,85
Australia,PERTH,10/17/2015,Source,1,1,2,350,110
Australia,SYDNEY,10/17/2015,Source,2,1,2,346,1680
Australia,BRISBANE,10/18/2015,Destination,3,1,2,352,1290
Australia,KALGOORLIE,10/18/2015,Destination,1,1,2,354,420
Australia,KALGOORLIE,10/18/2015,Destination,1,1,2,355,607
Australia,PERTH,10/18/2015,Destination,12,1,2,351,2660
Australia,PERTH,10/18/2015,Destination,4,1,2,353,105
Australia,MELBOURNE,10/18/2015,Source,3,1,2,352,1290
Australia,MELBOURNE,10/18/2015,Source,4,1,2,353,105
Australia,PERTH,10/18/2015,Source,1,1,2,354,420
Australia,PERTH,10/18/2015,Source,1,1,2,355,607
Australia,SYDNEY,10/18/2015,Source,12,1,2,351,2660
Australia,KALGOORLIE,10/19/2015,Destination,2,1,2,359,1220
Australia,PERTH,10/19/2015,Destination,1,1,2,356,120
Australia,PERTH,10/19/2015,Destination,1,1,2,357,120
Australia,PERTH,10/19/2015,Destination,1,1,2,358,164
Australia,MELBOURNE,10/19/2015,Source,1,1,2,358,164
Australia,PERTH,10/19/2015,Source,2,1,2,359,1220
Australia,SYDNEY,10/19/2015,Source,1,1,2,356,120
Australia,SYDNEY,10/19/2015,Source,1,1,2,357,120
Australia,PERTH,10/22/2015,Destination,1,1,2,360,300
Australia,PERTH,10/22/2015,Destination,1,1,2,361,286
Australia,MELBOURNE,10/22/2015,Source,1,1,2,361,286
Australia,SYDNEY,10/22/2015,Source,1,1,2,360,300
Australia,ADELAIDE,10/24/2015,Destination,1,1,2,362,940
Australia,KALGOORLIE,10/24/2015,Destination,1,1,2,365,8
Australia,MELBOURNE,10/24/2015,Destination,1,1,2,363,360
Australia,PERTH,10/24/2015,Destination,1,1,2,364,141
Australia,MELBOURNE,10/24/2015,Source,1,1,2,364,141
Australia,PERTH,10/24/2015,Source,1,1,2,365,8
Australia,SYDNEY,10/24/2015,Source,1,1,2,362,940
Australia,SYDNEY,10/24/2015,Source,1,1,2,363,360
Australia,BRISBANE,10/25/2015,Destination,4,1,2,366,1640
Australia,DARWIN,10/25/2015,Destination,2,1,2,369,1092
Australia,KALGOORLIE,10/25/2015,Destination,1,1,2,370,100
Australia,MELBOURNE,10/25/2015,Destination,1,1,2,367,156
Australia,PERTH,10/25/2015,Destination,1,1,2,368,138
Australia,MELBOURNE,10/25/2015,Source,1,1,2,368,138
Australia,PERTH,10/25/2015,Source,2,1,2,369,1092
Australia,PERTH,10/25/2015,Source,1,1,2,370,100
Australia,SYDNEY,10/25/2015,Source,4,1,2,366,1640
Australia,SYDNEY,10/25/2015,Source,1,1,2,367,156
Australia,KALGOORLIE,10/26/2015,Destination,1,1,2,373,725
Australia,PERTH,10/26/2015,Destination,1,1,2,371,70
Australia,PERTH,10/26/2015,Destination,1,1,2,372,213
Australia,MELBOURNE,10/26/2015,Source,1,1,2,372,213
Australia,NEWCASTLE,10/26/2015,Source,1,1,2,371,70
Australia,PERTH,10/26/2015,Source,1,1,2,373,725
Australia,KALGOORLIE,10/29/2015,Destination,1,1,2,374,259
Australia,PERTH,10/29/2015,Source,1,1,2,374,259
Australia,BRISBANE,10/30/2015,Destination,6,1,2,375,12600
Australia,SYDNEY,10/30/2015,Source,6,1,2,375,12600
Australia,DARWIN,10/31/2015,Destination,1,1,2,377,77
Australia,KALGOORLIE,10/31/2015,Destination,1,1,2,379,705
Australia,KALGOORLIE,10/31/2015,Destination,1,1,2,380,175
Australia,KALGOORLIE,10/31/2015,Destination,1,1,2,381,200
Australia,PERTH,10/31/2015,Destination,3,1,2,376,18
Australia,PERTH,10/31/2015,Destination,0,1,2,378,105
Australia,MELBOURNE,10/31/2015,Source,1,1,2,377,77
Australia,MELBOURNE,10/31/2015,Source,0,1,2,378,105
Australia,PERTH,10/31/2015,Source,1,1,2,379,705
Australia,PERTH,10/31/2015,Source,1,1,2,380,175
Australia,PERTH,10/31/2015,Source,1,1,2,381,200
Australia,SYDNEY,10/31/2015,Source,3,1,2,376,18
Australia,KALGOORLIE,11/1/2015,Destination,1,1,2,383,95
Australia,KALGOORLIE,11/1/2015,Destination,1,1,2,384,640
Australia,PERTH,11/1/2015,Destination,2,1,2,382,290
Australia,PERTH,11/1/2015,Source,1,1,2,383,95
Australia,PERTH,11/1/2015,Source,1,1,2,384,640
Australia,SYDNEY,11/1/2015,Source,2,1,2,382,290
Australia,BRISBANE,11/5/2015,Destination,4,1,2,385,1760
Australia,DARWIN,11/5/2015,Destination,1,1,2,386,294
Australia,DARWIN,11/5/2015,Destination,1,1,2,388,690
Australia,KALGOORLIE,11/5/2015,Destination,1,1,2,389,320
Australia,KALGOORLIE,11/5/2015,Destination,2,1,2,390,1020
Australia,PERTH,11/5/2015,Destination,1,1,2,387,124
Australia,MELBOURNE,11/5/2015,Source,1,1,2,386,294
Australia,MELBOURNE,11/5/2015,Source,1,1,2,387,124
Australia,PERTH,11/5/2015,Source,1,1,2,388,690
Australia,PERTH,11/5/2015,Source,1,1,2,389,320
Australia,PERTH,11/5/2015,Source,2,1,2,390,1020
Australia,SYDNEY,11/5/2015,Source,4,1,2,385,1760
Australia,BRISBANE,11/6/2015,Destination,3,1,2,391,1610
Australia,BRISBANE,11/6/2015,Destination,4,1,2,392,1582
Australia,KALGOORLIE,11/6/2015,Destination,3,1,2,393,910
Australia,MELBOURNE,11/6/2015,Source,3,1,2,391,1610
Australia,MELBOURNE,11/6/2015,Source,4,1,2,392,1582
Australia,PERTH,11/6/2015,Source,3,1,2,393,910
Australia,KALGOORLIE,11/7/2015,Destination,2,1,2,396,520
Australia,KALGOORLIE,11/7/2015,Destination,2,1,2,397,1370
Australia,PERTH,11/7/2015,Destination,1,1,2,394,460
Australia,PERTH,11/7/2015,Destination,1,1,2,395,93
Australia,MELBOURNE,11/7/2015,Source,1,1,2,395,93
Australia,PERTH,11/7/2015,Source,2,1,2,396,520
Australia,PERTH,11/7/2015,Source,2,1,2,397,1370
Australia,SYDNEY,11/7/2015,Source,1,1,2,394,460
Australia,PERTH,11/8/2015,Destination,2,1,2,399,1008
Australia,SYDNEY,11/8/2015,Destination,2,1,2,398,1268
Australia,MELBOURNE,11/8/2015,Source,2,1,2,398,1268
Australia,MELBOURNE,11/8/2015,Source,2,1,2,399,1008
Australia,PERTH,11/9/2015,Destination,1,1,2,400,86
Australia,MELBOURNE,11/9/2015,Source,1,1,2,400,86
Australia,BRISBANE,11/12/2015,Destination,1,1,2,402,170
Australia,Dubbo,11/12/2015,Destination,1,1,2,401,140
Australia,KALGOORLIE,11/12/2015,Destination,1,1,2,404,205
Australia,KALGOORLIE,11/12/2015,Destination,1,1,2,405,230
Australia,MELBOURNE,11/12/2015,Destination,1,1,2,403,156
Australia,PERTH,11/12/2015,Source,1,1,2,404,205
Australia,PERTH,11/12/2015,Source,1,1,2,405,230
Australia,SYDNEY,11/12/2015,Source,1,1,2,401,140
Australia,SYDNEY,11/12/2015,Source,1,1,2,402,170
Australia,SYDNEY,11/12/2015,Source,1,1,2,403,156
Australia,SYDNEY,11/13/2015,Destination,1,1,2,406,680
Australia,SYDNEY,11/13/2015,Destination,1,1,2,407,103
Australia,MELBOURNE,11/13/2015,Source,1,1,2,406,680
Australia,MELBOURNE,11/13/2015,Source,1,1,2,407,103
Australia,KALGOORLIE,11/14/2015,Destination,3,1,2,409,1670
Australia,PERTH,11/14/2015,Destination,11,1,2,408,2370
Australia,PERTH,11/14/2015,Source,3,1,2,409,1670
Australia,SYDNEY,11/14/2015,Source,11,1,2,408,2370
Australia,DARWIN,11/15/2015,Destination,1,1,2,410,598
Australia,PERTH,11/15/2015,Destination,1,1,2,411,153
Australia,PERTH,11/15/2015,Destination,2,1,2,412,815
Australia,PERTH,11/15/2015,Destination,7,1,2,413,4530
Australia,MELBOURNE,11/15/2015,Source,1,1,2,410,598
Australia,MELBOURNE,11/15/2015,Source,1,1,2,411,153
Australia,MELBOURNE,11/15/2015,Source,2,1,2,412,815
Australia,MELBOURNE,11/15/2015,Source,7,1,2,413,4530
Australia,KALGOORLIE,11/16/2015,Destination,2,1,2,414,1045
Australia,PERTH,11/16/2015,Source,2,1,2,414,1045
Australia,SYDNEY,11/19/2015,Destination,3,1,2,415,1692
Australia,SYDNEY,11/19/2015,Destination,6,1,2,416,1449
Australia,MELBOURNE,11/19/2015,Source,3,1,2,415,1692
Australia,MELBOURNE,11/19/2015,Source,6,1,2,416,1449
Australia,DARWIN,11/20/2015,Destination,1,1,2,419,8
Australia,NEWCASTLE,11/20/2015,Destination,1,1,2,417,250
Australia,PERTH,11/20/2015,Destination,1,1,2,418,50
Australia,BRISBANE,11/20/2015,Source,1,1,2,419,8
Australia,SYDNEY,11/20/2015,Source,1,1,2,417,250
Australia,SYDNEY,11/20/2015,Source,1,1,2,418,50
Australia,KALGOORLIE,11/21/2015,Destination,1,1,2,420,680
Australia,PERTH,11/21/2015,Source,1,1,2,420,680
Australia,DARWIN,11/22/2015,Destination,1,1,2,421,51
Australia,DARWIN,11/22/2015,Destination,1,1,2,422,466
Australia,KALGOORLIE,11/22/2015,Destination,1,1,2,423,190
Australia,KALGOORLIE,11/22/2015,Destination,1,1,2,424,785
Australia,MELBOURNE,11/22/2015,Source,1,1,2,421,51
Australia,MELBOURNE,11/22/2015,Source,1,1,2,422,466
Australia,PERTH,11/22/2015,Source,1,1,2,423,190
Australia,PERTH,11/22/2015,Source,1,1,2,424,785
Australia,KALGOORLIE,11/23/2015,Destination,1,1,2,425,225
Australia,PERTH,11/23/2015,Source,1,1,2,425,225
Australia,SYDNEY,11/26/2015,Destination,1,1,2,426,761
Australia,MELBOURNE,11/26/2015,Source,1,1,2,426,761
Australia,MELBOURNE,11/27/2015,Destination,1,1,2,427,290
Australia,PERTH,11/27/2015,Destination,7,1,2,428,1460
Australia,PERTH,11/27/2015,Destination,1,1,2,429,238
Australia,MELBOURNE,11/27/2015,Source,1,1,2,429,238
Australia,SYDNEY,11/27/2015,Source,1,1,2,427,290
Australia,SYDNEY,11/27/2015,Source,7,1,2,428,1460
Australia,KALGOORLIE,11/28/2015,Destination,1,1,2,434,862
Australia,KALGOORLIE,11/28/2015,Destination,3,1,2,435,546
Australia,PERTH,11/28/2015,Destination,1,1,2,433,122
Australia,SYDNEY,11/28/2015,Destination,1,1,2,430,78
Australia,SYDNEY,11/28/2015,Destination,1,1,2,431,580
Australia,SYDNEY,11/28/2015,Destination,2,1,2,432,1319
Australia,MELBOURNE,11/28/2015,Source,1,1,2,430,78
Australia,MELBOURNE,11/28/2015,Source,1,1,2,431,580
Australia,MELBOURNE,11/28/2015,Source,2,1,2,432,1319
Australia,MELBOURNE,11/28/2015,Source,1,1,2,433,122
Australia,PERTH,11/28/2015,Source,1,1,2,434,862
Australia,PERTH,11/28/2015,Source,3,1,2,435,546
Australia,BRISBANE,11/29/2015,Destination,5,1,2,438,3120
Australia,DARWIN,11/29/2015,Destination,1,1,2,437,155
Australia,Dubbo,11/29/2015,Destination,1,1,2,436,150
Australia,KALGOORLIE,11/29/2015,Destination,1,1,2,440,120
Australia,KALGOORLIE,11/29/2015,Destination,1,1,2,441,556
Australia,KALGOORLIE,11/29/2015,Destination,1,1,2,442,636
Australia,PERTH,11/29/2015,Destination,5,1,2,439,3795
Australia,MELBOURNE,11/29/2015,Source,1,1,2,437,155
Australia,MELBOURNE,11/29/2015,Source,5,1,2,438,3120
Australia,MELBOURNE,11/29/2015,Source,5,1,2,439,3795
Australia,PERTH,11/29/2015,Source,1,1,2,440,120
Australia,PERTH,11/29/2015,Source,1,1,2,441,556
Australia,PERTH,11/29/2015,Source,1,1,2,442,636
Australia,SYDNEY,11/29/2015,Source,1,1,2,436,150
Australia,KALGOORLIE,12/3/2015,Destination,1,1,2,445,90
Australia,PERTH,12/3/2015,Destination,1,1,2,443,109
Australia,PERTH,12/3/2015,Destination,1,1,2,444,255
Australia,MELBOURNE,12/3/2015,Source,1,1,2,443,109
Australia,MELBOURNE,12/3/2015,Source,1,1,2,444,255
Australia,PERTH,12/3/2015,Source,1,1,2,445,90
Australia,ADELAIDE,12/4/2015,Destination,1,1,2,446,280
Australia,KALGOORLIE,12/4/2015,Destination,1,1,2,449,160
Australia,PERTH,12/4/2015,Destination,1,1,2,448,121
Australia,SYDNEY,12/4/2015,Destination,2,1,2,447,703
Australia,MELBOURNE,12/4/2015,Source,2,1,2,447,703
Australia,MELBOURNE,12/4/2015,Source,1,1,2,448,121
Australia,PERTH,12/4/2015,Source,1,1,2,449,160
Australia,SYDNEY,12/4/2015,Source,1,1,2,446,280
Australia,BRISBANE,12/5/2015,Destination,6,1,2,450,1925
Australia,DARWIN,12/5/2015,Destination,1,1,2,452,400
Australia,DARWIN,12/5/2015,Destination,22,1,2,454,315
Australia,KALGOORLIE,12/5/2015,Destination,1,1,2,455,66
Australia,PERTH,12/5/2015,Destination,6,1,2,451,1345
Australia,PERTH,12/5/2015,Destination,3,1,2,453,557
Australia,MELBOURNE,12/5/2015,Source,1,1,2,452,400
Australia,MELBOURNE,12/5/2015,Source,3,1,2,453,557
Australia,PERTH,12/5/2015,Source,22,1,2,454,315
Australia,PERTH,12/5/2015,Source,1,1,2,455,66
Australia,SYDNEY,12/5/2015,Source,6,1,2,450,1925
Australia,SYDNEY,12/5/2015,Source,6,1,2,451,1345
Australia,KALGOORLIE,12/6/2015,Destination,1,1,2,456,365
Australia,KALGOORLIE,12/6/2015,Destination,1,1,2,457,160
Australia,KALGOORLIE,12/6/2015,Destination,1,1,2,458,695
Australia,PERTH,12/6/2015,Source,1,1,2,456,365
Australia,PERTH,12/6/2015,Source,1,1,2,457,160
Australia,PERTH,12/6/2015,Source,1,1,2,458,695
Australia,ADELAIDE,12/10/2015,Destination,1,1,2,459,350
Australia,DARWIN,12/10/2015,Destination,2,1,2,460,1274
Australia,KALGOORLIE,12/10/2015,Destination,1,1,2,466,905
Australia,PERTH,12/10/2015,Destination,1,1,2,461,95
Australia,PERTH,12/10/2015,Destination,1,1,2,462,162
Australia,PERTH,12/10/2015,Destination,1,1,2,463,174
Australia,PERTH,12/10/2015,Destination,3,1,2,464,180
Australia,PERTH,12/10/2015,Destination,4,1,2,465,248
Australia,MELBOURNE,12/10/2015,Source,2,1,2,460,1274
Australia,MELBOURNE,12/10/2015,Source,1,1,2,461,95
Australia,MELBOURNE,12/10/2015,Source,1,1,2,462,162
Australia,MELBOURNE,12/10/2015,Source,1,1,2,463,174
Australia,MELBOURNE,12/10/2015,Source,3,1,2,464,180
Australia,MELBOURNE,12/10/2015,Source,4,1,2,465,248
Australia,PERTH,12/10/2015,Source,1,1,2,466,905
Australia,SYDNEY,12/10/2015,Source,1,1,2,459,350
Australia,KALGOORLIE,12/11/2015,Destination,1,1,2,467,230
Australia,PERTH,12/11/2015,Source,1,1,2,467,230
Australia,BRISBANE,12/12/2015,Destination,5,1,2,468,2860
Australia,KALGOORLIE,12/12/2015,Destination,1,1,2,469,430
Australia,PERTH,12/12/2015,Source,1,1,2,469,430
Australia,SYDNEY,12/12/2015,Source,5,1,2,468,2860
Australia,ADELAIDE,12/13/2015,Destination,1,1,2,470,940
Australia,KALGOORLIE,12/13/2015,Destination,2,1,2,471,1380
Australia,PERTH,12/13/2015,Source,2,1,2,471,1380
Australia,SYDNEY,12/13/2015,Source,1,1,2,470,940
Australia,DARWIN,12/17/2015,Destination,2,1,2,472,1390
Australia,PERTH,12/17/2015,Source,2,1,2,472,1390
Australia,KALGOORLIE,12/18/2015,Destination,2,1,2,476,1360
Australia,PERTH,12/18/2015,Destination,1,1,2,473,400
Australia,PERTH,12/18/2015,Destination,12,1,2,474,2460
Australia,PERTH,12/18/2015,Destination,2,1,2,475,134
Australia,MELBOURNE,12/18/2015,Source,2,1,2,475,134
Australia,PERTH,12/18/2015,Source,2,1,2,476,1360
Australia,SYDNEY,12/18/2015,Source,1,1,2,473,400
Australia,SYDNEY,12/18/2015,Source,12,1,2,474,2460
Australia,DARWIN,12/19/2015,Destination,1,1,2,478,137
Australia,KALGOORLIE,12/19/2015,Destination,1,1,2,479,500
Australia,MELBOURNE,12/19/2015,Destination,1,1,2,477,250
Australia,PERTH,12/19/2015,Source,1,1,2,478,137
Australia,PERTH,12/19/2015,Source,1,1,2,479,500
Australia,SYDNEY,12/19/2015,Source,1,1,2,477,250
Australia,KALGOORLIE,12/20/2015,Destination,1,1,2,481,430
Australia,KALGOORLIE,12/20/2015,Destination,2,1,2,482,420
Australia,ORANGE,12/20/2015,Destination,1,1,2,480,370
Australia,PERTH,12/20/2015,Source,1,1,2,481,430
Australia,PERTH,12/20/2015,Source,2,1,2,482,420
Australia,SYDNEY,12/20/2015,Source,1,1,2,480,370
Australia,PERTH,12/24/2015,Destination,1,1,2,483,360
Australia,PERTH,12/24/2015,Destination,1,1,2,484,105
Australia,PERTH,12/24/2015,Destination,1,1,2,485,131
Australia,PERTH,12/24/2015,Destination,5,1,2,486,216
Australia,MELBOURNE,12/24/2015,Source,1,1,2,484,105
Australia,MELBOURNE,12/24/2015,Source,1,1,2,485,131
Australia,MELBOURNE,12/24/2015,Source,5,1,2,486,216
Australia,SYDNEY,12/24/2015,Source,1,1,2,483,360
Australia,DARWIN,12/25/2015,Destination,1,1,2,487,80
Australia,KALGOORLIE,12/25/2015,Destination,0,1,2,488,210
Australia,KALGOORLIE,12/25/2015,Destination,0,1,2,489,670
Australia,KALGOORLIE,12/25/2015,Destination,1,1,2,490,55
Australia,PERTH,12/25/2015,Source,1,1,2,487,80
Australia,PERTH,12/25/2015,Source,0,1,2,488,210
Australia,PERTH,12/25/2015,Source,0,1,2,489,670
Australia,PERTH,12/25/2015,Source,1,1,2,490,55
Australia,KALGOORLIE,12/26/2015,Destination,1,1,2,493,830
Australia,KALGOORLIE,12/26/2015,Destination,2,1,2,494,1140
Australia,KALGOORLIE,12/26/2015,Destination,2,1,2,495,480
Australia,PERTH,12/26/2015,Destination,12,1,2,491,2460
Australia,PERTH,12/26/2015,Destination,1,1,2,492,258
Australia,MELBOURNE,12/26/2015,Source,1,1,2,492,258
Australia,PERTH,12/26/2015,Source,1,1,2,493,830
Australia,PERTH,12/26/2015,Source,2,1,2,494,1140
Australia,PERTH,12/26/2015,Source,2,1,2,495,480
Australia,SYDNEY,12/26/2015,Source,12,1,2,491,2460
Australia,ADELAIDE,12/27/2015,Destination,1,1,2,496,940
Australia,PERTH,12/27/2015,Destination,1,1,2,497,131
Australia,MELBOURNE,12/27/2015,Source,1,1,2,497,131
Australia,SYDNEY,12/27/2015,Source,1,1,2,496,940
Australia,KALGOORLIE,12/28/2015,Destination,1,1,2,498,445
Australia,PERTH,12/28/2015,Source,1,1,2,498,445
Australia,KALGOORLIE,12/31/2015,Destination,2,1,2,500,320
Australia,PERTH,12/31/2015,Destination,0,1,2,499,120
Australia,MELBOURNE,12/31/2015,Source,0,1,2,499,120
Australia,PERTH,12/31/2015,Source,2,1,2,500,320
Australia,ADELAIDE,1/8/2016,Destination,2,1,2,511,400
Australia,DARWIN,1/4/2016,Destination,1,1,2,505,527
Australia,KALGOORLIE,1/8/2016,Destination,1,1,2,513,60
Australia,KALGOORLIE,1/8/2016,Destination,1,1,2,512,480
Australia,KALGOORLIE,1/10/2016,Destination,1,1,2,517,135
Australia,KALGOORLIE,1/4/2016,Destination,2,1,2,507,1000
Australia,KALGOORLIE,1/7/2016,Destination,2,1,2,510,1040
Australia,MELBOURNE,1/1/2016,Destination,1,1,2,501,141
Australia,MELBOURNE,1/10/2016,Destination,1,1,2,514,200
Australia,MELBOURNE,1/10/2016,Destination,2,1,2,515,600
Australia,PERTH,1/4/2016,Destination,0,1,2,504,250
Australia,PERTH,1/1/2016,Destination,1,1,2,502,223
Australia,PERTH,1/4/2016,Destination,1,1,2,506,235
Australia,PERTH,1/7/2016,Destination,1,1,2,509,156
Australia,PERTH,1/7/2016,Destination,1,1,2,508,400
Australia,PERTH,1/10/2016,Destination,1,1,2,516,72
Australia,PERTH,1/11/2016,Destination,1,1,2,518,450
Australia,PERTH,1/3/2016,Destination,9,1,2,503,1830
Australia,MELBOURNE,1/1/2016,Source,1,1,2,502,223
Australia,MELBOURNE,1/4/2016,Source,1,1,2,506,235
Australia,MELBOURNE,1/4/2016,Source,1,1,2,505,527
Australia,MELBOURNE,1/7/2016,Source,1,1,2,509,156
Australia,MELBOURNE,1/11/2016,Source,1,1,2,518,450
Australia,NEWCASTLE,1/4/2016,Source,0,1,2,504,250
Australia,NEWCASTLE,1/10/2016,Source,1,1,2,516,72
Australia,PERTH,1/8/2016,Source,1,1,2,513,60
Australia,PERTH,1/8/2016,Source,1,1,2,512,480
Australia,PERTH,1/10/2016,Source,1,1,2,517,135
Australia,PERTH,1/4/2016,Source,2,1,2,507,1000
Australia,PERTH,1/7/2016,Source,2,1,2,510,1040
Australia,SYDNEY,1/1/2016,Source,1,1,2,501,141
Australia,SYDNEY,1/7/2016,Source,1,1,2,508,400
Australia,SYDNEY,1/10/2016,Source,1,1,2,514,200
Australia,SYDNEY,1/8/2016,Source,2,1,2,511,400
Australia,SYDNEY,1/10/2016,Source,2,1,2,515,600
Australia,SYDNEY,1/3/2016,Source,9,1,2,503,1830
