{"publicationGroup": 1680313, "query": {}, "createdAt": 1407782924, "hideFromDataJson": false, "publicationAppendEnabled": false, "viewType": "tabular", "flags": ["default", "restorable", "restorePossibleForType"], "provenance": "official", "description": "This dataset shows the location, first operational date, and approaches of the red light cameras in the City of Chicago. The approach describes the originating direction of travel which is monitored by a red light camera.", "averageRating": 0, "totalTimesRated": 0, "displayType": "table", "publicationDate": 1480461214, "id": "thvf-6diy", "metadata": {"availableDisplayTypes": ["table", "fatrow", "page"], "rdfSubject": "0", "custom_fields": {"Metadata": {"Data Owner": "Transportation", "Time Period": "Current", "Frequency": "Daily"}}, "renderTypeConfig": {"visible": {"table": true}}}, "tableAuthor": {"profileImageUrlLarge": "/api/users/scy9-9wg4/profile_images/LARGE", "displayName": "cocadmin", "id": "scy9-9wg4", "flags": ["mayBeStoriesCoOwner"], "screenName": "cocadmin", "type": "interactive", "profileImageUrlSmall": "/api/users/scy9-9wg4/profile_images/TINY", "profileImageUrlMedium": "/api/users/scy9-9wg4/profile_images/THUMB"}, "oid": 24980307, "attributionLink": "http://www.cityofchicago.org", "rowsUpdatedAt": 1518866837, "indexUpdatedAt": 1518866884, "numberOfComments": 0, "rights": ["read"], "rowsUpdatedBy": "n9j5-zhen", "downloadCount": 3898, "attribution": "City of Chicago", "columns": [{"renderTypeName": "text", "tableColumnId": 21344327, "cachedContents": {"non_null": 149, "largest": "Western-Van?Buren", "top": [{"item": "Western-63rd", "count": 20}, {"item": "Hamlin-Madison", "count": 19}, {"item": "Laramie-Irving Park", "count": 18}, {"item": "Cicero-Armitage", "count": 17}, {"item": "Jeffery-95th", "count": 16}, {"item": "Canal-Roosevelt", "count": 15}, {"item": "Western-Chicago", "count": 14}, {"item": "Narragansett-Irving Park", "count": 13}, {"item": "Lake Shore-Belmont", "count": 12}, {"item": "Cicero-Lawrence", "count": 11}, {"item": "Ashland-Lawrence", "count": 10}, {"item": "Osceola-Touhy", "count": 9}, {"item": "Cicero-Stevenson NB (SOUTH INTERSECTION)", "count": 8}, {"item": "Stony?Island-Cornell-67th", "count": 7}, {"item": "Western-Van?Buren", "count": 6}, {"item": "Stony?Island-79th-South Chicago", "count": 5}, {"item": "Western-Peterson", "count": 4}, {"item": "Elston-Lawrence", "count": 3}, {"item": "Milwaukee-Montrose", "count": 2}, {"item": "Damen-Elston", "count": 1}], "smallest": "Ashland-71st", "null": 0}, "id": 279481420, "fieldName": "intersection", "name": "INTERSECTION", "width": 244, "position": 1, "dataTypeName": "text", "format": {"aggregate": "count", "align": "left"}}, {"renderTypeName": "text", "tableColumnId": 21344328, "cachedContents": {"non_null": 149, "largest": "WB", "top": [{"item": "SB", "count": 20}, {"item": "NB", "count": 19}, {"item": "EB", "count": 18}, {"item": "WB", "count": 17}, {"item": "SEB", "count": 16}], "smallest": "EB", "null": 0}, "id": 279481421, "fieldName": "first_approach", "name": "FIRST APPROACH", "width": 193, "position": 2, "dataTypeName": "text", "format": {}}, {"renderTypeName": "text", "tableColumnId": 21344329, "cachedContents": {"non_null": 147, "largest": "WB", "top": [{"item": "NB", "count": 20}, {"item": "WB", "count": 19}, {"item": "SB", "count": 18}, {"item": "EB", "count": 17}, {"item": "SEB", "count": 16}], "smallest": "EB", "null": 2}, "id": 279481422, "fieldName": "second_approach", "name": "SECOND APPROACH", "width": 211, "position": 3, "dataTypeName": "text", "format": {}}, {"renderTypeName": "text", "tableColumnId": 21344330, "cachedContents": {"non_null": 4, "largest": "SB", "top": [{"item": "EB", "count": 20}, {"item": "SB", "count": 19}, {"item": "NB", "count": 18}], "smallest": "EB", "null": 145}, "id": 279481423, "fieldName": "third_approach", "name": "THIRD APPROACH", "width": 195, "position": 4, "dataTypeName": "text", "format": {}}, {"renderTypeName": "calendar_date", "tableColumnId": 21344331, "cachedContents": {"non_null": 149, "largest": "2018-02-19T00:00:00", "top": [{"item": "2007-10-18T00:00:00", "count": 20}, {"item": "2008-08-26T00:00:00", "count": 19}, {"item": "2008-05-31T00:00:00", "count": 18}, {"item": "2008-11-30T00:00:00", "count": 17}, {"item": "2008-07-31T00:00:00", "count": 16}, {"item": "2008-04-30T00:00:00", "count": 15}, {"item": "2007-11-26T00:00:00", "count": 14}, {"item": "2008-06-30T00:00:00", "count": 13}, {"item": "2004-10-14T00:00:00", "count": 12}, {"item": "2009-06-29T00:00:00", "count": 11}, {"item": "2008-10-21T00:00:00", "count": 10}, {"item": "2009-04-29T00:00:00", "count": 9}, {"item": "2007-05-07T00:00:00", "count": 8}, {"item": "2004-02-26T00:00:00", "count": 7}, {"item": "2009-06-08T00:00:00", "count": 6}, {"item": "2010-03-11T00:00:00", "count": 5}, {"item": "2006-02-17T00:00:00", "count": 4}, {"item": "2017-09-29T00:00:00", "count": 3}, {"item": "2018-01-22T00:00:00", "count": 2}, {"item": "2018-02-19T00:00:00", "count": 1}], "smallest": "2003-11-01T00:00:00", "null": 0}, "id": 279481424, "fieldName": "go_live_date", "name": "GO LIVE DATE", "width": 183, "position": 5, "dataTypeName": "calendar_date", "format": {"align": "left", "view": "date"}}, {"renderTypeName": "number", "tableColumnId": 21344332, "cachedContents": {"sum": "6240.933455", "non_null": 149, "average": "41.88545942953020", "null": 0, "largest": "42.012279", "top": [{"item": "41.779214", "count": 20}, {"item": "41.880789", "count": 19}, {"item": "41.953299", "count": 18}, {"item": "41.916931", "count": 17}, {"item": "41.722468", "count": 16}, {"item": "41.867252", "count": 15}, {"item": "41.895743", "count": 14}, {"item": "41.952916", "count": 13}, {"item": "41.94024", "count": 12}, {"item": "41.968029", "count": 11}, {"item": "41.968876", "count": 10}, {"item": "42.011553", "count": 9}, {"item": "41.817092", "count": 8}, {"item": "41.77334", "count": 7}, {"item": "41.876083", "count": 6}, {"item": "41.751506", "count": 5}, {"item": "41.9905", "count": 4}, {"item": "41.968108", "count": 3}, {"item": "41.960632", "count": 2}, {"item": "41.925816", "count": 1}], "smallest": "41.677815"}, "id": 279481425, "fieldName": "latitude", "name": "LATITUDE", "width": 139, "position": 6, "dataTypeName": "number", "format": {}}, {"renderTypeName": "number", "tableColumnId": 21344333, "cachedContents": {"sum": "-13067.211727", "non_null": 149, "average": "-87.69940756375839", "null": 0, "largest": "-87.575353", "top": [{"item": "-87.683638", "count": 20}, {"item": "-87.720752", "count": 19}, {"item": "-87.757148", "count": 18}, {"item": "-87.746111", "count": 17}, {"item": "-87.575353", "count": 16}, {"item": "-87.639216", "count": 15}, {"item": "-87.686843", "count": 14}, {"item": "-87.786558", "count": 13}, {"item": "-87.638696", "count": 12}, {"item": "-87.74772", "count": 11}, {"item": "-87.66944", "count": 10}, {"item": "-87.812251", "count": 9}, {"item": "-87.743477", "count": 8}, {"item": "-87.586295", "count": 7}, {"item": "-87.686271", "count": 6}, {"item": "-87.585823", "count": 5}, {"item": "-87.689671", "count": 4}, {"item": "-87.740163", "count": 3}, {"item": "-87.754476", "count": 2}, {"item": "-87.677898", "count": 1}], "smallest": "-87.812251"}, "id": 279481426, "fieldName": "longitude", "name": "LONGITUDE", "width": 153, "position": 7, "dataTypeName": "number", "format": {}}, {"renderTypeName": "location", "tableColumnId": 21344334, "cachedContents": {"non_null": 149, "largest": {"longitude": "-87.726979", "human_address": "{\"address\":\"\",\"city\":\"\",\"state\":\"\",\"zip\":\"\"}", "latitude": "41.931791"}, "top": [{"item": {"longitude": "-87.683638", "human_address": "{\"address\":\"\",\"city\":\"\",\"state\":\"\",\"zip\":\"\"}", "latitude": "41.779214"}, "count": 20}, {"item": {"longitude": "-87.720752", "human_address": "{\"address\":\"\",\"city\":\"\",\"state\":\"\",\"zip\":\"\"}", "latitude": "41.880789"}, "count": 19}, {"item": {"longitude": "-87.757148", "human_address": "{\"address\":\"\",\"city\":\"\",\"state\":\"\",\"zip\":\"\"}", "latitude": "41.953299"}, "count": 18}, {"item": {"longitude": "-87.746111", "human_address": "{\"address\":\"\",\"city\":\"\",\"state\":\"\",\"zip\":\"\"}", "latitude": "41.916931"}, "count": 17}, {"item": {"longitude": "-87.575353", "human_address": "{\"address\":\"\",\"city\":\"\",\"state\":\"\",\"zip\":\"\"}", "latitude": "41.722468"}, "count": 16}, {"item": {"longitude": "-87.639216", "human_address": "{\"address\":\"\",\"city\":\"\",\"state\":\"\",\"zip\":\"\"}", "latitude": "41.867252"}, "count": 15}, {"item": {"longitude": "-87.686843", "human_address": "{\"address\":\"\",\"city\":\"\",\"state\":\"\",\"zip\":\"\"}", "latitude": "41.895743"}, "count": 14}, {"item": {"longitude": "-87.786558", "human_address": "{\"address\":\"\",\"city\":\"\",\"state\":\"\",\"zip\":\"\"}", "latitude": "41.952916"}, "count": 13}, {"item": {"longitude": "-87.638696", "human_address": "{\"address\":\"\",\"city\":\"\",\"state\":\"\",\"zip\":\"\"}", "latitude": "41.94024"}, "count": 12}, {"item": {"longitude": "-87.74772", "human_address": "{\"address\":\"\",\"city\":\"\",\"state\":\"\",\"zip\":\"\"}", "latitude": "41.968029"}, "count": 11}, {"item": {"longitude": "-87.66944", "human_address": "{\"address\":\"\",\"city\":\"\",\"state\":\"\",\"zip\":\"\"}", "latitude": "41.968876"}, "count": 10}, {"item": {"longitude": "-87.812251", "human_address": "{\"address\":\"\",\"city\":\"\",\"state\":\"\",\"zip\":\"\"}", "latitude": "42.011553"}, "count": 9}, {"item": {"longitude": "-87.743477", "human_address": "{\"address\":\"\",\"city\":\"\",\"state\":\"\",\"zip\":\"\"}", "latitude": "41.817092"}, "count": 8}, {"item": {"longitude": "-87.586295", "human_address": "{\"address\":\"\",\"city\":\"\",\"state\":\"\",\"zip\":\"\"}", "latitude": "41.77334"}, "count": 7}, {"item": {"longitude": "-87.686271", "human_address": "{\"address\":\"\",\"city\":\"\",\"state\":\"\",\"zip\":\"\"}", "latitude": "41.876083"}, "count": 6}, {"item": {"longitude": "-87.585823", "human_address": "{\"address\":\"\",\"city\":\"\",\"state\":\"\",\"zip\":\"\"}", "latitude": "41.751506"}, "count": 5}, {"item": {"longitude": "-87.689671", "human_address": "{\"address\":\"\",\"city\":\"\",\"state\":\"\",\"zip\":\"\"}", "latitude": "41.9905"}, "count": 4}, {"item": {"longitude": "-87.740163", "human_address": "{\"address\":\"\",\"city\":\"\",\"state\":\"\",\"zip\":\"\"}", "latitude": "41.968108"}, "count": 3}, {"item": {"longitude": "-87.754476", "human_address": "{\"address\":\"\",\"city\":\"\",\"state\":\"\",\"zip\":\"\"}", "latitude": "41.960632"}, "count": 2}, {"item": {"longitude": "-87.677898", "human_address": "{\"address\":\"\",\"city\":\"\",\"state\":\"\",\"zip\":\"\"}", "latitude": "41.925816"}, "count": 1}], "smallest": {"longitude": "-87.726979", "human_address": "{\"address\":\"\",\"city\":\"\",\"state\":\"\",\"zip\":\"\"}", "latitude": "41.931791"}, "null": 0}, "id": 279481427, "fieldName": "location", "name": "LOCATION", "width": 161, "subColumnTypes": ["human_address", "latitude", "longitude", "machine_address", "needs_recoding"], "position": 8, "dataTypeName": "location", "format": {"align": "left", "view": "coords"}}], "name": "Red Light Camera Locations", "tags": ["transportation", "red light cameras", "traffic"], "owner": {"profileImageUrlLarge": "/api/users/scy9-9wg4/profile_images/LARGE", "displayName": "cocadmin", "id": "scy9-9wg4", "flags": ["mayBeStoriesCoOwner"], "screenName": "cocadmin", "type": "interactive", "profileImageUrlSmall": "/api/users/scy9-9wg4/profile_images/TINY", "profileImageUrlMedium": "/api/users/scy9-9wg4/profile_images/THUMB"}, "hideFromCatalog": false, "tableId": 13926699, "category": "Transportation", "viewCount": 3888, "newBackend": false, "grants": [{"flags": ["public"], "type": "viewer", "inherited": false}], "publicationStage": "published", "viewLastModified": 1531341914}