{"publicationGroup": 1676261, "query": {"orderBys": [{"ascending": false, "expression": {"type": "column", "columnId": 279481849}}, {"ascending": true, "expression": {"type": "column", "columnId": 279481847}}]}, "createdAt": 1407458008, "hideFromDataJson": false, "publicationAppendEnabled": false, "viewType": "tabular", "flags": ["default", "restorable", "restorePossibleForType"], "provenance": "official", "description": "This dataset reflects the daily volume of violations that have occurred in Children's Safety Zones for each camera. The data reflects violations that occurred from July 1, 2014 until present, minus the most recent 14 days. This data may change due to occasional time lags between the capturing of a potential violation and the processing and determination of a violation. The most recent 14 days are not shown due to revised data being submitted to the City of Chicago. The reported violations are those that have been collected by the camera and radar system and reviewed by two separate City contractors. In some instances, due to the inability the registered owner of the offending vehicle, the violation may not be issued as a citation. However, this dataset contains all violations regardless of whether a citation was issued, which provides an accurate view into the Automated Speed Enforcement Program violations taking place in Children's Safety Zones. More information on the Safety Zone Program can be found here: http://www.cityofchicago.org/city/en/depts/cdot/supp_info/children_s_safetyzoneporgramautomaticspeedenforcement.html. The corresponding dataset for red light camera violations is https://data.cityofchicago.org/id/spqx-js37.", "averageRating": 0, "totalTimesRated": 0, "displayType": "table", "publicationDate": 1480461404, "id": "hhkd-xvj4", "metadata": {"rowLabel": "Speed Camera Violation", "availableDisplayTypes": ["table", "fatrow", "page"], "custom_fields": {"Metadata": {"Data Owner": "Transportation", "Time Period": "Starting July 1, 2014", "Frequency": "Updated daily"}}, "jsonQuery": {"order": [{"ascending": false, "columnFieldName": "violation_date"}, {"ascending": true, "columnFieldName": "address"}]}, "rdfSubject": "0", "renderTypeConfig": {"visible": {"table": true}}}, "tableAuthor": {"profileImageUrlLarge": "/api/users/scy9-9wg4/profile_images/LARGE", "displayName": "cocadmin", "id": "scy9-9wg4", "flags": ["mayBeStoriesCoOwner"], "screenName": "cocadmin", "type": "interactive", "profileImageUrlSmall": "/api/users/scy9-9wg4/profile_images/TINY", "profileImageUrlMedium": "/api/users/scy9-9wg4/profile_images/THUMB"}, "oid": 24980332, "attributionLink": "http://www.cityofchicago.org", "rowsUpdatedAt": 1542626414, "indexUpdatedAt": 1542626431, "numberOfComments": 0, "rights": ["read"], "rowsUpdatedBy": "n9j5-zhen", "downloadCount": 4672, "attribution": "City of Chicago", "columns": [{"renderTypeName": "text", "tableColumnId": 21270995, "cachedContents": {"non_null": 165027, "largest": "9618 S EWING AVE", "top": [{"item": "6909 S KEDZIE", "count": 20}, {"item": "2443 N ASHLAND", "count": 19}], "smallest": "10318 S INDIANAPOLIS", "null": 0}, "id": 279481847, "fieldName": "address", "name": "ADDRESS", "width": 184, "format": {"aggregate": "count", "align": "left"}, "description": "Address of the location of the speed enforcement camera(s). There may be more than one camera at each address.", "dataTypeName": "text", "position": 1}, {"renderTypeName": "text", "tableColumnId": 21489181, "cachedContents": {"non_null": 165027, "largest": "CHI184", "top": [{"item": "CHI014", "count": 20}, {"item": "CHI091", "count": 19}], "smallest": "CHI003", "null": 0}, "id": 279481848, "fieldName": "camera_id", "name": "CAMERA ID", "width": 156, "format": {"align": "left"}, "description": "A unique ID associated with the physical camera at each location. There may be more than one camera at a physical address.", "dataTypeName": "text", "position": 2}, {"renderTypeName": "calendar_date", "tableColumnId": 21270996, "cachedContents": {"non_null": 165027, "largest": "2018-11-04T00:00:00", "top": [{"item": "2018-09-20T00:00:00", "count": 20}, {"item": "2018-09-21T00:00:00", "count": 19}, {"item": "2018-09-24T00:00:00", "count": 18}, {"item": "2018-09-25T00:00:00", "count": 17}, {"item": "2018-09-26T00:00:00", "count": 16}, {"item": "2018-09-27T00:00:00", "count": 15}, {"item": "2018-09-28T00:00:00", "count": 14}, {"item": "2018-10-02T00:00:00", "count": 13}, {"item": "2018-10-01T00:00:00", "count": 12}, {"item": "2018-10-03T00:00:00", "count": 11}, {"item": "2018-10-04T00:00:00", "count": 10}, {"item": "2018-10-05T00:00:00", "count": 9}, {"item": "2018-10-08T00:00:00", "count": 8}, {"item": "2018-10-09T00:00:00", "count": 7}, {"item": "2018-10-10T00:00:00", "count": 6}, {"item": "2018-10-11T00:00:00", "count": 5}, {"item": "2018-10-12T00:00:00", "count": 4}, {"item": "2018-10-13T00:00:00", "count": 3}, {"item": "2018-10-14T00:00:00", "count": 2}, {"item": "2018-10-15T00:00:00", "count": 1}], "smallest": "2014-07-01T00:00:00", "null": 0}, "id": 279481849, "fieldName": "violation_date", "name": "VIOLATION DATE", "width": 191, "format": {"align": "left", "view": "date"}, "description": "The date of when the violations occurred. NOTE: The citation may be issued on a different date.", "dataTypeName": "calendar_date", "position": 3}, {"renderTypeName": "number", "tableColumnId": 21270997, "cachedContents": {"sum": "4802987", "non_null": 165027, "average": "29.10424960763996", "null": 0, "largest": "479", "top": [{"item": "4", "count": 20}, {"item": "1", "count": 19}, {"item": "3", "count": 18}, {"item": "5", "count": 17}, {"item": "2", "count": 16}, {"item": "6", "count": 15}, {"item": "7", "count": 14}, {"item": "9", "count": 13}, {"item": "12", "count": 12}, {"item": "8", "count": 11}, {"item": "10", "count": 10}, {"item": "14", "count": 9}, {"item": "13", "count": 8}, {"item": "11", "count": 7}, {"item": "15", "count": 6}, {"item": "16", "count": 5}, {"item": "17", "count": 4}, {"item": "18", "count": 3}, {"item": "22", "count": 2}, {"item": "28", "count": 1}], "smallest": "1"}, "id": 279481850, "fieldName": "violations", "name": "VIOLATIONS", "width": 159, "format": {"aggregate": "sum", "align": "right", "noCommas": "false", "precisionStyle": "standard"}, "description": "Number of violations for each camera on a particular day.", "dataTypeName": "number", "position": 4}, {"renderTypeName": "number", "tableColumnId": 21626758, "cachedContents": {"sum": "184001744215.670397147", "non_null": 158658, "average": "1159738.205546965", "null": 6369, "largest": "1203645.368140905", "top": [{"item": "1151844.874455435", "count": 20}, {"item": "1190192.110150425", "count": 19}, {"item": "1168444.530011629", "count": 18}, {"item": "1178586.98154429", "count": 17}, {"item": "1156276.17519456", "count": 16}, {"item": "1165293.159880782", "count": 15}], "smallest": "1121638.497581711"}, "id": 279481851, "fieldName": "x_coordinate", "name": "X COORDINATE", "width": 174, "format": {"align": "right", "noCommas": "true", "precisionStyle": "standard"}, "description": "The X Coordinate, measured in feet, of the location of the camera. Geocoded using Illinois State Plane East (ESRI:102671).", "dataTypeName": "number", "position": 5}, {"renderTypeName": "number", "tableColumnId": 21626759, "cachedContents": {"sum": "300414211102.032436898", "non_null": 158658, "average": "1893470.301541885", "null": 6369, "largest": "1943341.864659956", "top": [{"item": "1899804.753327747", "count": 20}, {"item": "1855579.523137741", "count": 19}, {"item": "1868118.434806125", "count": 18}, {"item": "1841966.713809109", "count": 17}, {"item": "1858582.894182457", "count": 16}, {"item": "1916479.221767233", "count": 15}], "smallest": "1820629.228565181"}, "id": 279481852, "fieldName": "y_coordinate", "name": "Y COORDINATE", "width": 180, "format": {"align": "right", "noCommas": "true", "precisionStyle": "standard"}, "description": "The Y Coordinate, measured in feet, of the location of the camera. Geocoded using Illinois State Plane East (ESRI:102671).", "dataTypeName": "number", "position": 6}, {"renderTypeName": "number", "tableColumnId": 21418665, "cachedContents": {"sum": "6641960.514526831", "non_null": 158658, "average": "41.86338233512858", "null": 6369, "largest": "42.000259511", "top": [{"item": "41.880938186", "count": 20}, {"item": "41.75874077", "count": 19}, {"item": "41.793645091", "count": 18}, {"item": "41.721657133", "count": 17}, {"item": "41.767731869", "count": 16}, {"item": "41.926418831", "count": 15}], "smallest": "41.663174059"}, "id": 279481853, "fieldName": "latitude", "name": "LATITUDE", "width": 139, "format": {"align": "right", "noCommas": "false", "precisionStyle": "standard"}, "description": "The latitude of the physical location of the camera(s) based on the ADDRESS column. Geocoded using the WGS84.", "dataTypeName": "number", "position": 7}, {"renderTypeName": "number", "tableColumnId": 21418664, "cachedContents": {"sum": "-13912582.272824039", "non_null": 158658, "average": "-87.68913179810687", "null": 6369, "largest": "-87.529848261", "top": [{"item": "-87.717898449", "count": 20}, {"item": "-87.57851859", "count": 19}, {"item": "-87.657860764", "count": 18}, {"item": "-87.621462899", "count": 17}, {"item": "-87.702737907", "count": 16}, {"item": "-87.668042465", "count": 15}], "smallest": "-87.828316944"}, "id": 279481854, "fieldName": "longitude", "name": "LONGITUDE", "width": 152, "format": {"align": "right", "noCommas": "false", "precisionStyle": "standard"}, "description": "The longitude of the physical location of the camera(s) based on the ADDRESS column. Geocoded using the WGS84.", "dataTypeName": "number", "position": 8}, {"renderTypeName": "location", "tableColumnId": 21418666, "cachedContents": {"non_null": 158658, "largest": {"longitude": "-87.6871949977686", "human_address": "{\"address\":\"\",\"city\":\"\",\"state\":\"\",\"zip\":\"\"}", "latitude": "41.90381710275111"}, "top": [{"item": {"longitude": "-87.71789844857646", "human_address": "{\"address\":\"\",\"city\":\"\",\"state\":\"\",\"zip\":\"\"}", "latitude": "41.88093818643283"}, "count": 20}, {"item": {"longitude": "-87.57851859043261", "human_address": "{\"address\":\"\",\"city\":\"\",\"state\":\"\",\"zip\":\"\"}", "latitude": "41.758740770124234"}, "count": 19}, {"item": {"longitude": "-87.6578607639445", "human_address": "{\"address\":\"\",\"city\":\"\",\"state\":\"\",\"zip\":\"\"}", "latitude": "41.793645091444645"}, "count": 18}, {"item": {"longitude": "-87.62146289865515", "human_address": "{\"address\":\"\",\"city\":\"\",\"state\":\"\",\"zip\":\"\"}", "latitude": "41.72165713317433"}, "count": 17}, {"item": {"longitude": "-87.70273790708362", "human_address": "{\"address\":\"\",\"city\":\"\",\"state\":\"\",\"zip\":\"\"}", "latitude": "41.76773186901884"}, "count": 16}, {"item": {"longitude": "-87.66804246498943", "human_address": "{\"address\":\"\",\"city\":\"\",\"state\":\"\",\"zip\":\"\"}", "latitude": "41.926418831263994"}, "count": 15}], "smallest": {"longitude": "-87.6871949977686", "human_address": "{\"address\":\"\",\"city\":\"\",\"state\":\"\",\"zip\":\"\"}", "latitude": "41.90381710275111"}, "null": 6369}, "name": "LOCATION", "width": 281, "description": "The coordinates of the camera(s) based on the LATITUDE and LONGITUDE columns.  Geocoded using the WGS84.", "id": 279481855, "fieldName": "location", "subColumnTypes": ["human_address", "latitude", "longitude", "machine_address", "needs_recoding"], "position": 9, "dataTypeName": "location", "format": {"align": "left", "view": "coords"}}], "name": "Speed Camera Violations", "tags": ["traffic", "public safety", "transportation"], "owner": {"profileImageUrlLarge": "/api/users/scy9-9wg4/profile_images/LARGE", "displayName": "cocadmin", "id": "scy9-9wg4", "flags": ["mayBeStoriesCoOwner"], "screenName": "cocadmin", "type": "interactive", "profileImageUrlSmall": "/api/users/scy9-9wg4/profile_images/TINY", "profileImageUrlMedium": "/api/users/scy9-9wg4/profile_images/THUMB"}, "hideFromCatalog": false, "tableId": 13926705, "category": "Transportation", "viewCount": 19730, "newBackend": false, "grants": [{"flags": ["public"], "type": "viewer", "inherited": false}], "publicationStage": "published", "viewLastModified": 1531341922}