{"publicationGroup": 1676247, "query": {"orderBys": [{"ascending": false, "expression": {"type": "column", "columnId": 279481510}}, {"ascending": true, "expression": {"type": "column", "columnId": 279481507}}]}, "createdAt": 1407456580, "hideFromDataJson": false, "publicationAppendEnabled": false, "viewType": "tabular", "flags": ["default", "restorable", "restorePossibleForType"], "provenance": "official", "description": "This dataset reflects the daily volume of violations created by the City of Chicago Red Light Program for each camera. The data reflects violations that occurred from July 1, 2014 until present, minus the most recent 14 days. This data may change due to occasional time lags between the capturing of a potential violation and the processing and determination of a violation. The most recent 14 days are not shown due to revised data being submitted to the City of Chicago during this period. The reported violations are those that have been collected by the camera system and reviewed by two separate City contractors. In some instances, due to the inability the registered owner of the offending vehicle, the violation may not be issued as a citation. However, this dataset contains all violations regardless of whether a citation was actually issued, which provides an accurate view into the Red Light Program.  Because of occasional time lags between the capturing of a potential violation and the processing and determination of a violation, as well as the occasional revision of the determination of a violation, this data may change. More information on the Red Light Program can be found here: http://www.cityofchicago.org/city/en/depts/cdot/supp_info/red-light_cameraenforcement.html.  The corresponding dataset for speed camera violations is https://data.cityofchicago.org/id/hhkd-xvj4.", "averageRating": 0, "totalTimesRated": 0, "displayType": "table", "publicationDate": 1480461385, "id": "spqx-js37", "metadata": {"rowLabel": "Red Light Camera Violation", "availableDisplayTypes": ["table", "fatrow", "page"], "custom_fields": {"Metadata": {"Data Owner": "Transportation", "Time Period": "Beginning July 1, 2014", "Frequency": "Updated daily"}}, "jsonQuery": {"order": [{"ascending": false, "columnFieldName": "violation_date"}, {"ascending": true, "columnFieldName": "intersection_name"}]}, "rdfSubject": "0", "renderTypeConfig": {"visible": {"table": true}}}, "tableAuthor": {"profileImageUrlLarge": "/api/users/scy9-9wg4/profile_images/LARGE", "displayName": "cocadmin", "id": "scy9-9wg4", "flags": ["mayBeStoriesCoOwner"], "screenName": "cocadmin", "type": "interactive", "profileImageUrlSmall": "/api/users/scy9-9wg4/profile_images/TINY", "profileImageUrlMedium": "/api/users/scy9-9wg4/profile_images/THUMB"}, "oid": 24980316, "attributionLink": "http://www.cityofchicago.org", "rowsUpdatedAt": 1542627349, "indexUpdatedAt": 1542627372, "numberOfComments": 0, "rights": ["read"], "rowsUpdatedBy": "n9j5-zhen", "downloadCount": 4143, "attribution": "City of Chicago", "columns": [{"renderTypeName": "text", "tableColumnId": 21270778, "cachedContents": {"non_null": 423000, "largest": "WESTERN AND TOUHY", "top": [{"item": "CICERO AND DIVERSEY", "count": 20}, {"item": "55TH AND KEDZIE", "count": 19}, {"item": "LAFAYETTE AND 87TH", "count": 18}], "smallest": "111TH AND HALSTED", "null": 0}, "id": 279481507, "fieldName": "intersection", "name": "INTERSECTION", "width": 304, "format": {"aggregate": "count", "align": "left"}, "description": "Intersection of the location of the red light enforcement camera(s). There may be more than one camera at each intersection.", "dataTypeName": "text", "position": 1}, {"renderTypeName": "text", "tableColumnId": 21489082, "cachedContents": {"non_null": 422448, "largest": "8313", "top": [{"item": "2523", "count": 20}, {"item": "2422", "count": 19}, {"item": "2473", "count": 18}, {"item": "1931", "count": 17}, {"item": "2503", "count": 16}, {"item": "2162", "count": 15}, {"item": "1992", "count": 14}, {"item": "2213", "count": 13}, {"item": "1502", "count": 12}, {"item": "2081", "count": 11}, {"item": "1694", "count": 10}, {"item": "1323", "count": 9}, {"item": "1533", "count": 8}, {"item": "1543", "count": 7}, {"item": "2311", "count": 6}, {"item": "3052", "count": 5}, {"item": "1572", "count": 4}, {"item": "1252", "count": 3}, {"item": "1491", "count": 2}, {"item": "1972", "count": 1}], "smallest": "1002", "null": 552}, "id": 279481508, "fieldName": "camera_id", "name": "CAMERA ID", "width": 181, "format": {"align": "left"}, "description": "A unique ID for each physical camera at an intersection, which may contain more than one camera.", "dataTypeName": "text", "position": 2}, {"renderTypeName": "text", "tableColumnId": 21561560, "cachedContents": {"non_null": 423000, "largest": "9900 S HALSTED ST", "top": [{"item": "6300 S DAMEN AVENUE", "count": 20}, {"item": "4800 N CICERO AVENUE", "count": 19}, {"item": "1600 E 79TH ST", "count": 18}], "smallest": "0 N ASHLAND AVE", "null": 0}, "id": 279481509, "fieldName": "address", "name": "ADDRESS", "width": 278, "format": {"align": "left"}, "description": "The address of the physical camera (CAMERA ID). The address may be the same for all cameras or different, based on the physical installation of each camera.", "dataTypeName": "text", "position": 3}, {"renderTypeName": "calendar_date", "tableColumnId": 21270779, "cachedContents": {"non_null": 423000, "largest": "2018-11-04T00:00:00", "top": [{"item": "2018-09-20T00:00:00", "count": 20}, {"item": "2018-09-22T00:00:00", "count": 19}, {"item": "2018-09-24T00:00:00", "count": 18}, {"item": "2018-09-29T00:00:00", "count": 17}, {"item": "2018-10-01T00:00:00", "count": 16}, {"item": "2018-10-02T00:00:00", "count": 15}, {"item": "2018-10-05T00:00:00", "count": 14}, {"item": "2018-10-04T00:00:00", "count": 13}, {"item": "2018-10-03T00:00:00", "count": 12}, {"item": "2018-10-06T00:00:00", "count": 11}, {"item": "2018-10-07T00:00:00", "count": 10}, {"item": "2018-10-08T00:00:00", "count": 9}, {"item": "2018-10-09T00:00:00", "count": 8}, {"item": "2018-10-10T00:00:00", "count": 7}, {"item": "2018-10-11T00:00:00", "count": 6}, {"item": "2018-10-12T00:00:00", "count": 5}, {"item": "2018-10-13T00:00:00", "count": 4}, {"item": "2018-10-14T00:00:00", "count": 3}, {"item": "2018-10-15T00:00:00", "count": 2}, {"item": "2018-10-16T00:00:00", "count": 1}], "smallest": "2014-07-01T00:00:00", "null": 0}, "id": 279481510, "fieldName": "violation_date", "name": "VIOLATION DATE", "width": 183, "format": {"align": "left", "view": "date"}, "description": "The date of when the violations occurred. NOTE: The citation may be issued on a different date.", "dataTypeName": "calendar_date", "position": 4}, {"renderTypeName": "number", "tableColumnId": 21270780, "cachedContents": {"sum": "2400718", "non_null": 423000, "average": "5.675456264775414", "null": 0, "largest": "186", "top": [{"item": "16", "count": 20}, {"item": "5", "count": 19}, {"item": "1", "count": 18}, {"item": "6", "count": 17}, {"item": "8", "count": 16}, {"item": "3", "count": 15}, {"item": "2", "count": 14}, {"item": "12", "count": 13}, {"item": "11", "count": 12}, {"item": "22", "count": 11}, {"item": "10", "count": 10}, {"item": "7", "count": 9}, {"item": "14", "count": 8}, {"item": "4", "count": 7}, {"item": "9", "count": 6}, {"item": "20", "count": 5}, {"item": "18", "count": 4}, {"item": "21", "count": 3}, {"item": "13", "count": 2}, {"item": "25", "count": 1}], "smallest": "1"}, "id": 279481511, "fieldName": "violations", "name": "VIOLATIONS", "width": 156, "format": {"aggregate": "sum", "align": "right", "noCommas": "false", "precisionStyle": "standard"}, "description": "Number of violations for each camera on a particular day.", "dataTypeName": "number", "position": 5}, {"renderTypeName": "number", "tableColumnId": 21626961, "cachedContents": {"sum": "460794467171.266040300", "non_null": 398120, "average": "1157426.070459324", "null": 24880, "largest": "1191188.381103057", "top": [{"item": "1173895.356384111", "count": 20}, {"item": "1148970.255325552", "count": 19}, {"item": "1158975.66256211", "count": 18}, {"item": "1135691.599896458", "count": 17}, {"item": "1138836.562608552", "count": 16}, {"item": "1177417.493180297", "count": 15}, {"item": "1171199.282357741", "count": 14}, {"item": "1164069.407943298", "count": 13}, {"item": "1143464.651785526", "count": 12}, {"item": "1188284.704439907", "count": 11}], "smallest": "1125717.010560011"}, "id": 279481512, "fieldName": "x_coordinate", "name": "X COORDINATE", "width": 192, "format": {"align": "right", "noCommas": "true", "precisionStyle": "standard"}, "description": "The X Coordinate, measured in feet, of the location of the camera. Geocoded using Illinois State Plane East (ESRI:102671).", "dataTypeName": "number", "position": 6}, {"renderTypeName": "number", "tableColumnId": 21626977, "cachedContents": {"sum": "755977221427.595312205", "non_null": 398120, "average": "1898867.731908960", "null": 24880, "largest": "1947754.286963361", "top": [{"item": "1901847.887900701", "count": 20}, {"item": "1926313.600468643", "count": 19}, {"item": "1947754.286963361", "count": 18}, {"item": "1923335.967306169", "count": 17}, {"item": "1904801.732832435", "count": 16}, {"item": "1847243.988223464", "count": 15}, {"item": "1894968.056393724", "count": 14}, {"item": "1862830.277442834", "count": 13}, {"item": "1931490.551883203", "count": 12}, {"item": "1852964.829047574", "count": 11}], "smallest": "1825911.054609338"}, "id": 279481513, "fieldName": "y_coordinate", "name": "Y COORDINATE", "width": 194, "format": {"align": "right", "noCommas": "true", "precisionStyle": "standard"}, "description": "The Y Coordinate, measured in feet, of the location of the camera. Geocoded using Illinois State Plane East (ESRI:102671).", "dataTypeName": "number", "position": 7}, {"renderTypeName": "number", "tableColumnId": 21488980, "cachedContents": {"sum": "16672566.240481158", "non_null": 398120, "average": "41.87824334492404", "null": 24880, "largest": "42.012371335", "top": [{"item": "41.886082221", "count": 20}, {"item": "41.953737051", "count": 19}, {"item": "42.012371335", "count": 18}, {"item": "41.945813215", "count": 17}, {"item": "41.894896579", "count": 16}, {"item": "41.73616511", "count": 15}, {"item": "41.867263098", "count": 14}, {"item": "41.779226921", "count": 13}, {"item": "41.968048007", "count": 12}, {"item": "41.751611523", "count": 11}], "smallest": "41.677720829"}, "id": 279481514, "fieldName": "latitude", "name": "LATITUDE", "width": 100, "format": {"align": "right", "noCommas": "false", "precisionStyle": "standard"}, "description": "The latitude of the physical location of the camera(s) based on the ADDRESS column. Geocoded using the WGS84.", "dataTypeName": "number", "position": 8}, {"renderTypeName": "number", "tableColumnId": 21488995, "cachedContents": {"sum": "-34914113.739466725", "non_null": 398120, "average": "-87.69746242205045", "null": 24880, "largest": "-87.575292523", "top": [{"item": "-87.636870144", "count": 20}, {"item": "-87.727766612", "count": 19}, {"item": "-87.690393917", "count": 18}, {"item": "-87.776652162", "count": 17}, {"item": "-87.765543258", "count": 16}, {"item": "-87.625587569", "count": 15}, {"item": "-87.646972686", "count": 14}, {"item": "-87.674052731", "count": 13}, {"item": "-87.747875985", "count": 12}, {"item": "-87.585592284", "count": 11}], "smallest": "-87.812781431"}, "id": 279481515, "fieldName": "longitude", "name": "LONGITUDE", "width": 100, "format": {"align": "right", "noCommas": "false", "precisionStyle": "standard"}, "description": "The longitude of the physical location of the camera(s) based on the ADDRESS column. Geocoded using the WGS84.", "dataTypeName": "number", "position": 9}, {"renderTypeName": "location", "tableColumnId": 21489010, "cachedContents": {"non_null": 398120, "largest": {"longitude": "-87.72838313514907", "human_address": "{\"address\":\"\",\"city\":\"\",\"state\":\"\",\"zip\":\"\"}", "latitude": "41.97562073966174"}, "top": [{"item": {"longitude": "-87.63687014413814", "human_address": "{\"address\":\"\",\"city\":\"\",\"state\":\"\",\"zip\":\"\"}", "latitude": "41.88608222062048"}, "count": 20}, {"item": {"longitude": "-87.72776661179896", "human_address": "{\"address\":\"\",\"city\":\"\",\"state\":\"\",\"zip\":\"\"}", "latitude": "41.95373705144353"}, "count": 19}, {"item": {"longitude": "-87.69039391737863", "human_address": "{\"address\":\"\",\"city\":\"\",\"state\":\"\",\"zip\":\"\"}", "latitude": "42.012371334791766"}, "count": 18}, {"item": {"longitude": "-87.77665216156436", "human_address": "{\"address\":\"\",\"city\":\"\",\"state\":\"\",\"zip\":\"\"}", "latitude": "41.9458132146695"}, "count": 17}, {"item": {"longitude": "-87.76554325845893", "human_address": "{\"address\":\"\",\"city\":\"\",\"state\":\"\",\"zip\":\"\"}", "latitude": "41.89489657939746"}, "count": 16}, {"item": {"longitude": "-87.62558756899932", "human_address": "{\"address\":\"\",\"city\":\"\",\"state\":\"\",\"zip\":\"\"}", "latitude": "41.73616511008592"}, "count": 15}, {"item": {"longitude": "-87.64697268601648", "human_address": "{\"address\":\"\",\"city\":\"\",\"state\":\"\",\"zip\":\"\"}", "latitude": "41.86726309836901"}, "count": 14}, {"item": {"longitude": "-87.67405273137854", "human_address": "{\"address\":\"\",\"city\":\"\",\"state\":\"\",\"zip\":\"\"}", "latitude": "41.77922692069256"}, "count": 13}, {"item": {"longitude": "-87.74787598468126", "human_address": "{\"address\":\"\",\"city\":\"\",\"state\":\"\",\"zip\":\"\"}", "latitude": "41.968048007293845"}, "count": 12}, {"item": {"longitude": "-87.58559228428787", "human_address": "{\"address\":\"\",\"city\":\"\",\"state\":\"\",\"zip\":\"\"}", "latitude": "41.75161152327319"}, "count": 11}], "smallest": {"longitude": "-87.72838313514907", "human_address": "{\"address\":\"\",\"city\":\"\",\"state\":\"\",\"zip\":\"\"}", "latitude": "41.97562073966174"}, "null": 24880}, "name": "LOCATION", "width": 296, "description": "The coordinates of the camera(s) based on the LATITUDE and LONGITUDE columns. Geocoded using the WGS84.", "id": 279481516, "fieldName": "location", "subColumnTypes": ["human_address", "latitude", "longitude", "machine_address", "needs_recoding"], "position": 10, "dataTypeName": "location", "format": {"align": "left", "view": "coords"}}], "name": "Red Light Camera Violations", "tags": ["citations", "violations", "transportation", "public safety"], "owner": {"profileImageUrlLarge": "/api/users/scy9-9wg4/profile_images/LARGE", "displayName": "cocadmin", "id": "scy9-9wg4", "flags": ["mayBeStoriesCoOwner"], "screenName": "cocadmin", "type": "interactive", "profileImageUrlSmall": "/api/users/scy9-9wg4/profile_images/TINY", "profileImageUrlMedium": "/api/users/scy9-9wg4/profile_images/THUMB"}, "hideFromCatalog": false, "tableId": 13926701, "category": "Transportation", "viewCount": 37063, "newBackend": false, "grants": [{"flags": ["public"], "type": "viewer", "inherited": false}], "publicationStage": "published", "viewLastModified": 1531341921}