{"publicationGroup": 1680046, "query": {}, "createdAt": 1407771301, "hideFromDataJson": false, "publicationAppendEnabled": false, "viewType": "tabular", "flags": ["default", "restorable", "restorePossibleForType"], "provenance": "official", "description": "This dataset shows the location, first operational date, and approaches of the speed cameras in the City of Chicago. The approach describes the originating direction of travel which is monitored by a speed camera.", "averageRating": 0, "totalTimesRated": 0, "displayType": "table", "publicationDate": 1480461147, "id": "4i42-qv3h", "metadata": {"availableDisplayTypes": ["table", "fatrow", "page"], "rdfSubject": "0", "custom_fields": {"Metadata": {"Data Owner": "Transportation", "Time Period": "Current", "Frequency": "Updated daily"}}, "renderTypeConfig": {"visible": {"table": true}}}, "tableAuthor": {"profileImageUrlLarge": "/api/users/scy9-9wg4/profile_images/LARGE", "displayName": "cocadmin", "id": "scy9-9wg4", "flags": ["mayBeStoriesCoOwner"], "screenName": "cocadmin", "type": "interactive", "profileImageUrlSmall": "/api/users/scy9-9wg4/profile_images/TINY", "profileImageUrlMedium": "/api/users/scy9-9wg4/profile_images/THUMB"}, "oid": 24980296, "attributionLink": "http://www.cityofchicago.org", "rowsUpdatedAt": 1541153535, "indexUpdatedAt": 1541153541, "numberOfComments": 0, "rights": ["read"], "rowsUpdatedBy": "n9j5-zhen", "downloadCount": 5049, "attribution": "City of Chicago", "columns": [{"renderTypeName": "text", "tableColumnId": 21341040, "cachedContents": {"non_null": 161, "largest": "9618 S Ewing Ave (Speed Camera)", "top": [{"item": "2417 W 103rd St (Speed Camera)", "count": 20}, {"item": "1226 Western (Speed Camera)", "count": 19}, {"item": "5420 S Racine (Speed Camera)", "count": 18}, {"item": "5025 S Western (Speed Camera)", "count": 17}, {"item": "1315 W Garfield Blvd (Speed Camera)", "count": 16}, {"item": "5330 Cottage Grove (Speed Camera)", "count": 15}, {"item": "3535 E 95th St (Speed Camera)", "count": 14}, {"item": "5529 S Western (Speed Camera)", "count": 13}, {"item": "6125 N Cicero Ave (Speed Camera)", "count": 12}, {"item": "5432 W Lawrence (Speed Camera)", "count": 11}, {"item": "5433 S Pulaski (Speed Camera)", "count": 10}, {"item": "3542 E 95th St (Speed Camera)", "count": 9}, {"item": "3100 W Augusta Blvd (Speed Camera)", "count": 8}, {"item": "1110 S Pulaski Rd (Speed Camera)", "count": 7}, {"item": "7518 S Vincennes (Speed Camera)", "count": 6}, {"item": "2108 S Western Ave (Speed Camera)", "count": 5}, {"item": "1507 W 83rd St (Speed Camera)", "count": 4}, {"item": "449 N Columbus Dr (Speed Camera)", "count": 3}, {"item": "6226 W Irving Park Rd (Speed Camera)", "count": 2}, {"item": "3200 S Archer Ave (Speed Camera)", "count": 1}], "smallest": "10318 S Indianapolis (Speed Camera)", "null": 0}, "id": 279481316, "fieldName": "address", "name": "ADDRESS", "width": 244, "position": 2, "dataTypeName": "text", "format": {"aggregate": "count", "align": "left"}}, {"renderTypeName": "text", "tableColumnId": 21341041, "cachedContents": {"non_null": 159, "largest": "WB", "top": [{"item": "EB", "count": 20}, {"item": "WB", "count": 19}, {"item": "NB", "count": 18}, {"item": "SB", "count": 17}, {"item": "NEB", "count": 16}, {"item": "SEB", "count": 15}, {"item": "NWB", "count": 14}], "smallest": "EB", "null": 2}, "id": 279481317, "fieldName": "first_approach", "name": "FIRST APPROACH", "width": 268, "position": 3, "dataTypeName": "text", "format": {}}, {"renderTypeName": "text", "tableColumnId": 21341042, "cachedContents": {"non_null": 67, "largest": "WB", "top": [{"item": "WB", "count": 20}, {"item": "SWB", "count": 19}, {"item": "SB", "count": 18}, {"item": "NB", "count": 17}, {"item": "EB", "count": 16}], "smallest": "EB", "null": 94}, "id": 279481318, "fieldName": "second_approach", "name": "SECOND APPROACH", "width": 280, "position": 4, "dataTypeName": "text", "format": {}}, {"renderTypeName": "text", "tableColumnId": 21341043, "cachedContents": {"non_null": 161, "largest": "12/24/2013", "top": [{"item": "02/24/2014", "count": 20}, {"item": "02/14/2014", "count": 19}, {"item": "01/31/2014", "count": 18}, {"item": "11/23/2013", "count": 17}, {"item": "03/10/2014", "count": 16}, {"item": "02/07/2014", "count": 15}, {"item": "03/17/2014", "count": 14}, {"item": "03/03/2014", "count": 13}, {"item": "10/11/2014", "count": 12}, {"item": "03/24/2014", "count": 11}, {"item": "04/14/2014", "count": 10}, {"item": "01/25/2014", "count": 9}, {"item": "10/05/2013", "count": 8}, {"item": "06/30/2014", "count": 7}, {"item": "11/09/2015", "count": 6}, {"item": "01/08/2018", "count": 5}, {"item": "07/16/2018", "count": 4}, {"item": "08/20/2018", "count": 3}, {"item": "09/05/2018", "count": 2}, {"item": "08/27/2018", "count": 1}], "smallest": "01/03/2014", "null": 0}, "id": 279481319, "fieldName": "go_live_date", "name": "GO-LIVE DATE", "width": 244, "position": 5, "dataTypeName": "text", "format": {"align": "left"}}, {"renderTypeName": "text", "tableColumnId": 21341044, "cachedContents": {"non_null": 161, "largest": "42.00025951144952", "top": [{"item": "41.70626766073214", "count": 20}, {"item": "41.90381710275111", "count": 19}, {"item": "41.795332774848234", "count": 18}, {"item": "41.802174029934044", "count": 17}, {"item": "41.793645091444645", "count": 16}, {"item": "41.79770388561477", "count": 15}, {"item": "41.722818322421595", "count": 14}, {"item": "41.79252199331773", "count": 13}, {"item": "41.9921194114274", "count": 12}, {"item": "41.96785573012919", "count": 11}, {"item": "41.79404504596532", "count": 10}, {"item": "41.72304461975978", "count": 9}, {"item": "41.89932514072566", "count": 8}, {"item": "41.86760272243294", "count": 7}, {"item": "41.75749703994495", "count": 6}, {"item": "41.853572622430164", "count": 5}, {"item": "41.742993034938884", "count": 4}, {"item": "41.89003775504898", "count": 3}, {"item": "41.95307482555687", "count": 2}, {"item": "41.83595801848586", "count": 1}], "smallest": "41.66317117223548", "null": 0}, "id": 279481320, "fieldName": "latitude", "name": "LATITUDE", "width": 196, "position": 6, "dataTypeName": "text", "format": {}}, {"renderTypeName": "text", "tableColumnId": 21341045, "cachedContents": {"non_null": 161, "largest": "-87.827727", "top": [{"item": "-87.68239147238012", "count": 20}, {"item": "-87.6871949977686", "count": 19}, {"item": "-87.65504097855228", "count": 18}, {"item": "-87.68410655772436", "count": 17}, {"item": "-87.6578607639445", "count": 16}, {"item": "-87.60644477865196", "count": 15}, {"item": "-87.53756746533104", "count": 14}, {"item": "-87.68385704739886", "count": 13}, {"item": "-87.74847678515228", "count": 12}, {"item": "-87.76392864369929", "count": 11}, {"item": "-87.72303636259336", "count": 10}, {"item": "-87.5370407583455", "count": 9}, {"item": "-87.70452234551168", "count": 8}, {"item": "-87.7253827433152", "count": 7}, {"item": "-87.63183332832696", "count": 6}, {"item": "-87.6858278546488", "count": 5}, {"item": "-87.66113775973551", "count": 4}, {"item": "-87.62017903427099", "count": 3}, {"item": "-87.78282553773761", "count": 2}, {"item": "-87.66879026653764", "count": 1}], "smallest": "-87.52984826112849", "null": 0}, "id": 279481321, "fieldName": "longitude", "name": "LONGITUDE", "width": 208, "position": 7, "dataTypeName": "text", "format": {}}, {"renderTypeName": "location", "tableColumnId": 21341046, "cachedContents": {"non_null": 161, "largest": {"longitude": "-87.71721139909997", "human_address": "{\"address\":\"\",\"city\":\"\",\"state\":\"\",\"zip\":\"\"}", "latitude": "41.69120239624487"}, "top": [{"item": {"longitude": "-87.68239147238012", "human_address": "{\"address\":\"\",\"city\":\"\",\"state\":\"\",\"zip\":\"\"}", "latitude": "41.70626766073214"}, "count": 20}, {"item": {"longitude": "-87.6871949977686", "human_address": "{\"address\":\"\",\"city\":\"\",\"state\":\"\",\"zip\":\"\"}", "latitude": "41.90381710275111"}, "count": 19}, {"item": {"longitude": "-87.65504097855228", "human_address": "{\"address\":\"\",\"city\":\"\",\"state\":\"\",\"zip\":\"\"}", "latitude": "41.795332774848234"}, "count": 18}, {"item": {"longitude": "-87.68410655772436", "human_address": "{\"address\":\"\",\"city\":\"\",\"state\":\"\",\"zip\":\"\"}", "latitude": "41.802174029934044"}, "count": 17}, {"item": {"longitude": "-87.6578607639445", "human_address": "{\"address\":\"\",\"city\":\"\",\"state\":\"\",\"zip\":\"\"}", "latitude": "41.793645091444645"}, "count": 16}, {"item": {"longitude": "-87.60644477865196", "human_address": "{\"address\":\"\",\"city\":\"\",\"state\":\"\",\"zip\":\"\"}", "latitude": "41.79770388561477"}, "count": 15}, {"item": {"longitude": "-87.53756746533104", "human_address": "{\"address\":\"\",\"city\":\"\",\"state\":\"\",\"zip\":\"\"}", "latitude": "41.722818322421595"}, "count": 14}, {"item": {"longitude": "-87.68385704739886", "human_address": "{\"address\":\"\",\"city\":\"\",\"state\":\"\",\"zip\":\"\"}", "latitude": "41.79252199331773"}, "count": 13}, {"item": {"longitude": "-87.74847678515228", "human_address": "{\"address\":\"\",\"city\":\"\",\"state\":\"\",\"zip\":\"\"}", "latitude": "41.9921194114274"}, "count": 12}, {"item": {"longitude": "-87.76392864369929", "human_address": "{\"address\":\"\",\"city\":\"\",\"state\":\"\",\"zip\":\"\"}", "latitude": "41.96785573012919"}, "count": 11}, {"item": {"longitude": "-87.72303636259336", "human_address": "{\"address\":\"\",\"city\":\"\",\"state\":\"\",\"zip\":\"\"}", "latitude": "41.79404504596532"}, "count": 10}, {"item": {"longitude": "-87.5370407583455", "human_address": "{\"address\":\"\",\"city\":\"\",\"state\":\"\",\"zip\":\"\"}", "latitude": "41.72304461975978"}, "count": 9}, {"item": {"longitude": "-87.70452234551168", "human_address": "{\"address\":\"\",\"city\":\"\",\"state\":\"\",\"zip\":\"\"}", "latitude": "41.89932514072566"}, "count": 8}, {"item": {"longitude": "-87.7253827433152", "human_address": "{\"address\":\"\",\"city\":\"\",\"state\":\"\",\"zip\":\"\"}", "latitude": "41.86760272243294"}, "count": 7}, {"item": {"longitude": "-87.63183332832696", "human_address": "{\"address\":\"\",\"city\":\"\",\"state\":\"\",\"zip\":\"\"}", "latitude": "41.75749703994495"}, "count": 6}, {"item": {"longitude": "-87.6858278546488", "human_address": "{\"address\":\"\",\"city\":\"\",\"state\":\"\",\"zip\":\"\"}", "latitude": "41.853572622430164"}, "count": 5}, {"item": {"longitude": "-87.66113775973551", "human_address": "{\"address\":\"\",\"city\":\"\",\"state\":\"\",\"zip\":\"\"}", "latitude": "41.742993034938884"}, "count": 4}, {"item": {"longitude": "-87.62017903427099", "human_address": "{\"address\":\"\",\"city\":\"\",\"state\":\"\",\"zip\":\"\"}", "latitude": "41.89003775504898"}, "count": 3}, {"item": {"longitude": "-87.78282553773761", "human_address": "{\"address\":\"\",\"city\":\"\",\"state\":\"\",\"zip\":\"\"}", "latitude": "41.95307482555687"}, "count": 2}, {"item": {"longitude": "-87.66879026653764", "human_address": "{\"address\":\"\",\"city\":\"\",\"state\":\"\",\"zip\":\"\"}", "latitude": "41.83595801848586"}, "count": 1}], "smallest": {"longitude": "-87.71721139909997", "human_address": "{\"address\":\"\",\"city\":\"\",\"state\":\"\",\"zip\":\"\"}", "latitude": "41.69120239624487"}, "null": 0}, "id": 279481322, "fieldName": "location", "name": "LOCATION", "width": 196, "subColumnTypes": ["human_address", "latitude", "longitude", "machine_address", "needs_recoding"], "position": 8, "dataTypeName": "location", "format": {"align": "left", "view": "coords"}}], "name": "Speed Camera Locations", "tags": ["speed cameras", "transportation", "traffic"], "owner": {"profileImageUrlLarge": "/api/users/scy9-9wg4/profile_images/LARGE", "displayName": "cocadmin", "id": "scy9-9wg4", "flags": ["mayBeStoriesCoOwner"], "screenName": "cocadmin", "type": "interactive", "profileImageUrlSmall": "/api/users/scy9-9wg4/profile_images/TINY", "profileImageUrlMedium": "/api/users/scy9-9wg4/profile_images/THUMB"}, "hideFromCatalog": false, "tableId": 13926694, "category": "Transportation", "viewCount": 11011, "newBackend": false, "grants": [{"flags": ["public"], "type": "viewer", "inherited": false}], "publicationStage": "published", "viewLastModified": 1531341918}